,episodes,chosen_conf_index,chosen_conf,chosen_conf_index_in_labels,number_of_requests,rewardsum,loss_q1,avg_response_time,cost
0,1,10,<pyews.server_abstractions.Configuration object at 0x00000218AB0B6290>,4,33,-0.40488366733655806,,0.2598989898989899,0.14498467743756815
1,2,9,<pyews.server_abstractions.Configuration object at 0x00000218AB10C370>,3,31,-4.0,,2.0,2.0
2,3,13,<pyews.server_abstractions.Configuration object at 0x00000218AB0FC5B0>,27,37,-4.0,,2.0,2.0
3,4,17,<pyews.server_abstractions.Configuration object at 0x00000218AB0B4A90>,13,36,-4.0,,2.0,2.0
4,5,4,<pyews.server_abstractions.Configuration object at 0x00000218AADDB940>,23,35,-4.0,,2.0,2.0
5,6,14,<pyews.server_abstractions.Configuration object at 0x00000218AB0D0670>,29,39,-4.0,,2.0,2.0
6,7,27,<pyews.server_abstractions.Configuration object at 0x00000218AB0D2D70>,36,29,-4.0,,2.0,2.0
7,8,26,<pyews.server_abstractions.Configuration object at 0x00000218AB0D1930>,37,38,-4.0,,2.0,2.0
8,9,22,<pyews.server_abstractions.Configuration object at 0x00000218AB0C7A90>,28,39,-4.0,,2.0,2.0
9,10,33,<pyews.server_abstractions.Configuration object at 0x00000218AB0EF850>,20,28,-4.0,,2.0,2.0
10,11,15,<pyews.server_abstractions.Configuration object at 0x00000218AB0C53F0>,1,38,-4.0,,2.0,2.0
11,12,14,<pyews.server_abstractions.Configuration object at 0x00000218AB0D0670>,29,38,-4.0,,2.0,2.0
12,13,14,<pyews.server_abstractions.Configuration object at 0x00000218AB0D0670>,29,39,-4.0,,2.0,2.0
13,14,8,<pyews.server_abstractions.Configuration object at 0x00000218AB077490>,2,39,-4.0,,2.0,2.0
14,15,8,<pyews.server_abstractions.Configuration object at 0x00000218AB077490>,2,39,-4.0,,2.0,2.0
15,16,32,<pyews.server_abstractions.Configuration object at 0x00000218AB121FF0>,17,30,-0.6315609088251839,,0.20955555555555558,0.4220053532696283
16,17,21,<pyews.server_abstractions.Configuration object at 0x00000218AB076650>,22,40,-4.0,,2.0,2.0
17,18,20,<pyews.server_abstractions.Configuration object at 0x00000218AB122E30>,31,37,-4.0,,2.0,2.0
18,19,26,<pyews.server_abstractions.Configuration object at 0x00000218AB0D1930>,37,40,-4.0,,2.0,2.0
19,20,35,<pyews.server_abstractions.Configuration object at 0x00000218AB10EB30>,8,35,-0.5778878617477414,,0.30876190476190474,0.26912595698583663
20,21,20,<pyews.server_abstractions.Configuration object at 0x00000218AB122E30>,31,29,-4.0,,2.0,2.0
21,22,14,<pyews.server_abstractions.Configuration object at 0x00000218AB0D0670>,29,41,-4.0,,2.0,2.0
22,23,4,<pyews.server_abstractions.Configuration object at 0x00000218AADDB940>,23,36,-4.0,,2.0,2.0
23,24,14,<pyews.server_abstractions.Configuration object at 0x00000218AB0D0670>,29,38,-4.0,,2.0,2.0
24,25,18,<pyews.server_abstractions.Configuration object at 0x00000218AB0FF850>,6,32,-4.0,,2.0,2.0
25,26,31,<pyews.server_abstractions.Configuration object at 0x00000218AB0D0FD0>,40,39,-4.0,,2.0,2.0
26,27,33,<pyews.server_abstractions.Configuration object at 0x00000218AB0EF850>,20,31,-4.0,,2.0,2.0
27,28,4,<pyews.server_abstractions.Configuration object at 0x00000218AADDB940>,23,36,-4.0,,2.0,2.0
28,29,14,<pyews.server_abstractions.Configuration object at 0x00000218AB0D0670>,29,39,-4.0,,2.0,2.0
29,30,17,<pyews.server_abstractions.Configuration object at 0x00000218AB0B4A90>,13,35,-4.0,,2.0,2.0
30,31,25,<pyews.server_abstractions.Configuration object at 0x00000218AB10D030>,21,31,-4.0,,2.0,2.0
31,32,14,<pyews.server_abstractions.Configuration object at 0x00000218AB0D0670>,29,38,-4.0,,2.0,2.0
32,33,1,<pyews.server_abstractions.Configuration object at 0x00000218AB0D2410>,35,38,-4.0,,2.0,2.0
33,34,14,<pyews.server_abstractions.Configuration object at 0x00000218AB0D0670>,29,39,-4.0,,2.0,2.0
34,35,3,<pyews.server_abstractions.Configuration object at 0x00000218AB0B57B0>,0,38,-4.0,,2.0,2.0
35,36,26,<pyews.server_abstractions.Configuration object at 0x00000218AB0D1930>,37,39,-4.0,,2.0,2.0
36,37,1,<pyews.server_abstractions.Configuration object at 0x00000218AB0D2410>,35,38,-4.0,,2.0,2.0
37,38,10,<pyews.server_abstractions.Configuration object at 0x00000218AB0B6290>,4,34,-0.4286121284179603,,0.28362745098039216,0.14498467743756815
38,39,26,<pyews.server_abstractions.Configuration object at 0x00000218AB0D1930>,37,39,-4.0,,2.0,2.0
39,40,14,<pyews.server_abstractions.Configuration object at 0x00000218AB0D0670>,29,38,-4.0,,2.0,2.0
40,41,13,<pyews.server_abstractions.Configuration object at 0x00000218AB0FC5B0>,27,41,-4.0,,2.0,2.0
41,42,4,<pyews.server_abstractions.Configuration object at 0x00000218AADDB940>,23,37,-4.0,,2.0,2.0
42,43,10,<pyews.server_abstractions.Configuration object at 0x00000218AB0B6290>,4,28,-0.3255799155328062,,0.18059523809523806,0.14498467743756815
43,44,20,<pyews.server_abstractions.Configuration object at 0x00000218AB122E30>,31,33,-4.0,,2.0,2.0
44,45,12,<pyews.server_abstractions.Configuration object at 0x00000218AB10DCF0>,15,31,-4.0,,2.0,2.0
45,46,14,<pyews.server_abstractions.Configuration object at 0x00000218AB0D0670>,29,39,-4.0,,2.0,2.0
46,47,10,<pyews.server_abstractions.Configuration object at 0x00000218AB0B6290>,4,33,-0.41377255622544695,,0.2687878787878788,0.14498467743756815
47,48,19,<pyews.server_abstractions.Configuration object at 0x00000218AB075E10>,32,36,-4.0,,2.0,2.0
48,49,33,<pyews.server_abstractions.Configuration object at 0x00000218AB0EF850>,20,35,-4.0,,2.0,2.0
49,50,14,<pyews.server_abstractions.Configuration object at 0x00000218AB0D0670>,29,43,-4.0,,2.0,2.0
50,51,14,<pyews.server_abstractions.Configuration object at 0x00000218AB0D0670>,29,38,-4.0,,2.0,2.0
51,52,23,<pyews.server_abstractions.Configuration object at 0x00000218AB0C6170>,10,38,-4.0,,2.0,2.0
52,53,17,<pyews.server_abstractions.Configuration object at 0x00000218AB0B4A90>,13,37,-4.0,,2.0,2.0
53,54,5,<pyews.server_abstractions.Configuration object at 0x00000218AB0D3850>,5,36,-4.0,,2.0,2.0
54,55,38,<pyews.server_abstractions.Configuration object at 0x00000218AB0C47F0>,14,37,-4.0,,2.0,2.0
55,56,24,<pyews.server_abstractions.Configuration object at 0x00000218AB0FDAB0>,33,37,-4.0,,2.0,2.0
56,57,9,<pyews.server_abstractions.Configuration object at 0x00000218AB10C370>,3,32,-4.0,,2.0,2.0
57,58,38,<pyews.server_abstractions.Configuration object at 0x00000218AB0C47F0>,14,36,-4.0,,2.0,2.0
58,59,32,<pyews.server_abstractions.Configuration object at 0x00000218AB121FF0>,17,29,-0.6368329394765249,,0.21482758620689654,0.4220053532696283
59,60,14,<pyews.server_abstractions.Configuration object at 0x00000218AB0D0670>,29,38,-4.0,,2.0,2.0
60,61,22,<pyews.server_abstractions.Configuration object at 0x00000218AB0C7A90>,28,38,-4.0,,2.0,2.0
61,62,34,<pyews.server_abstractions.Configuration object at 0x00000218AB0FE410>,30,37,-4.0,,2.0,2.0
62,63,40,<pyews.server_abstractions.Configuration object at 0x00000218AB0C6D70>,24,32,-0.5909427701752278,,0.23895833333333336,0.3519844368418944
63,64,32,<pyews.server_abstractions.Configuration object at 0x00000218AB121FF0>,17,33,-0.7242275754918506,,0.3022222222222223,0.4220053532696283
64,65,7,<pyews.server_abstractions.Configuration object at 0x00000218AB0EC6D0>,19,37,-4.0,12.7427978515625,2.0,2.0
65,66,28,<pyews.server_abstractions.Configuration object at 0x00000218AB077F70>,18,37,-4.0,168331.0,2.0,2.0
66,67,7,<pyews.server_abstractions.Configuration object at 0x00000218AB0EC6D0>,19,40,-4.0,122.4039535522461,2.0,2.0
67,68,4,<pyews.server_abstractions.Configuration object at 0x00000218AADDB940>,23,36,-4.0,10.480019569396973,2.0,2.0
68,69,15,<pyews.server_abstractions.Configuration object at 0x00000218AB0C53F0>,1,38,-4.0,262.5959777832031,2.0,2.0
69,70,1,<pyews.server_abstractions.Configuration object at 0x00000218AB0D2410>,35,40,-4.0,15.99216079711914,2.0,2.0
70,71,1,<pyews.server_abstractions.Configuration object at 0x00000218AB0D2410>,35,40,-4.0,7.846188545227051,2.0,2.0
71,72,32,<pyews.server_abstractions.Configuration object at 0x00000218AB121FF0>,17,33,-0.7118033330676081,17.298294067382812,0.2897979797979799,0.4220053532696283
72,73,2,<pyews.server_abstractions.Configuration object at 0x00000218F3EEF700>,41,37,-4.0,2.858630657196045,2.0,2.0
73,74,37,<pyews.server_abstractions.Configuration object at 0x00000218AB121330>,9,31,-0.5666688215097926,1.9520773887634277,0.2539784946236559,0.3126903268861366
74,75,41,<pyews.server_abstractions.Configuration object at 0x00000218AB0FD150>,11,40,-4.0,2.464061737060547,2.0,2.0
75,76,10,<pyews.server_abstractions.Configuration object at 0x00000218AB0B6290>,4,29,-0.30739847054101643,1.4383118152618408,0.16241379310344828,0.14498467743756815
76,77,16,<pyews.server_abstractions.Configuration object at 0x00000218AB0EEC50>,7,40,-4.0,0.8003749251365662,2.0,2.0
77,78,8,<pyews.server_abstractions.Configuration object at 0x00000218AB077490>,2,39,-4.0,1.066495656967163,2.0,2.0
78,79,32,<pyews.server_abstractions.Configuration object at 0x00000218AB121FF0>,17,31,-0.6769515898287681,1.5788812637329102,0.2549462365591398,0.4220053532696283
79,80,23,<pyews.server_abstractions.Configuration object at 0x00000218AB0C6170>,10,40,-4.0,0.8254712820053101,2.0,2.0
80,81,40,<pyews.server_abstractions.Configuration object at 0x00000218AB0C6D70>,24,29,-0.5250878851177565,0.7607234120368958,0.17310344827586205,0.3519844368418944
81,82,40,<pyews.server_abstractions.Configuration object at 0x00000218AB0C6D70>,24,37,-0.6543267791842369,0.8546467423439026,0.3023423423423424,0.3519844368418944
82,83,37,<pyews.server_abstractions.Configuration object at 0x00000218AB121330>,9,30,-0.5022458824416922,0.4312686622142792,0.1895555555555556,0.3126903268861366
83,84,37,<pyews.server_abstractions.Configuration object at 0x00000218AB121330>,9,30,-0.4902458824416922,0.3473202586174011,0.17755555555555558,0.3126903268861366
84,85,39,<pyews.server_abstractions.Configuration object at 0x00000218AB0ED2D0>,39,37,-4.0,0.5949734449386597,2.0,2.0
85,86,11,<pyews.server_abstractions.Configuration object at 0x00000218AB120670>,16,31,-0.38773426641824654,0.9063215255737305,0.2686021505376344,0.11913211588061212
86,87,10,<pyews.server_abstractions.Configuration object at 0x00000218AB0B6290>,4,37,-0.44029999275288345,0.28591659665107727,0.2953153153153153,0.14498467743756815
87,88,10,<pyews.server_abstractions.Configuration object at 0x00000218AB0B6290>,4,34,-0.3772395793983525,0.46623682975769043,0.23225490196078433,0.14498467743756815
88,89,10,<pyews.server_abstractions.Configuration object at 0x00000218AB0B6290>,4,31,-0.3407911290504714,0.3857424855232239,0.19580645161290325,0.14498467743756815
89,90,3,<pyews.server_abstractions.Configuration object at 0x00000218AB0B57B0>,0,38,-4.0,0.1998237669467926,2.0,2.0
90,91,41,<pyews.server_abstractions.Configuration object at 0x00000218AB0FD150>,11,36,-4.0,0.11208413541316986,2.0,2.0
91,92,34,<pyews.server_abstractions.Configuration object at 0x00000218AB0FE410>,30,38,-4.0,0.2383899986743927,2.0,2.0
92,93,25,<pyews.server_abstractions.Configuration object at 0x00000218AB10D030>,21,30,-4.0,0.16479411721229553,2.0,2.0
93,94,35,<pyews.server_abstractions.Configuration object at 0x00000218AB10EB30>,8,29,-0.48843630181342285,0.19008387625217438,0.2193103448275862,0.26912595698583663
94,95,35,<pyews.server_abstractions.Configuration object at 0x00000218AB10EB30>,8,35,-0.5516973855572651,0.3539596199989319,0.28257142857142853,0.26912595698583663
95,96,26,<pyews.server_abstractions.Configuration object at 0x00000218AB0D1930>,37,39,-4.0,0.23208677768707275,2.0,2.0
96,97,0,<pyews.server_abstractions.Configuration object at 0x00000218AB0B7BB0>,26,39,-4.0,0.2382344901561737,2.0,2.0
97,98,36,<pyews.server_abstractions.Configuration object at 0x00000218AB0FEEF0>,38,36,-4.0,0.5740401148796082,2.0,2.0
98,99,10,<pyews.server_abstractions.Configuration object at 0x00000218AB0B6290>,4,35,-0.47698467743756806,0.31311699748039246,0.3319999999999999,0.14498467743756815
99,100,10,<pyews.server_abstractions.Configuration object at 0x00000218AB0B6290>,4,33,-0.4103382127911035,0.4207291603088379,0.26535353535353534,0.14498467743756815
100,101,11,<pyews.server_abstractions.Configuration object at 0x00000218AB120670>,16,33,-0.43953615628465253,0.2367154061794281,0.3204040404040404,0.11913211588061212
101,102,11,<pyews.server_abstractions.Configuration object at 0x00000218AB120670>,16,32,-0.37027794921394547,0.09830760210752487,0.25114583333333335,0.11913211588061212
102,103,11,<pyews.server_abstractions.Configuration object at 0x00000218AB120670>,16,35,-0.40856068730918355,0.08976393193006516,0.2894285714285714,0.11913211588061212
103,104,8,<pyews.server_abstractions.Configuration object at 0x00000218AB077490>,2,38,-4.0,0.03462111949920654,2.0,2.0
104,105,6,<pyews.server_abstractions.Configuration object at 0x00000218AB0EDED0>,12,38,-4.0,0.4173125624656677,2.0,2.0
105,106,36,<pyews.server_abstractions.Configuration object at 0x00000218AB0FEEF0>,38,38,-4.0,0.5594449639320374,2.0,2.0
106,107,7,<pyews.server_abstractions.Configuration object at 0x00000218AB0EC6D0>,19,37,-4.0,0.4224100708961487,2.0,2.0
107,108,35,<pyews.server_abstractions.Configuration object at 0x00000218AB10EB30>,8,36,-0.5773666977265774,0.41582730412483215,0.30824074074074076,0.26912595698583663
108,109,35,<pyews.server_abstractions.Configuration object at 0x00000218AB10EB30>,8,32,-0.47485512365250326,0.19811594486236572,0.20572916666666666,0.26912595698583663
109,110,3,<pyews.server_abstractions.Configuration object at 0x00000218AB0B57B0>,0,39,-4.0,0.14028286933898926,2.0,2.0
110,111,30,<pyews.server_abstractions.Configuration object at 0x00000218AB10F7F0>,34,29,-0.37885370663854157,0.1291653960943222,0.2062068965517241,0.17264681008681748
111,112,29,<pyews.server_abstractions.Configuration object at 0x00000218AB0B6D70>,25,38,-4.0,0.1669599711894989,2.0,2.0
112,113,11,<pyews.server_abstractions.Configuration object at 0x00000218AB120670>,16,32,-0.35506961588061214,0.35648438334465027,0.23593750000000002,0.11913211588061212
113,114,11,<pyews.server_abstractions.Configuration object at 0x00000218AB120670>,16,34,-0.397661527645318,0.122557133436203,0.27852941176470586,0.11913211588061212
114,115,11,<pyews.server_abstractions.Configuration object at 0x00000218AB120670>,16,31,-0.3866589976010423,0.286045640707016,0.26752688172043015,0.11913211588061212
115,116,11,<pyews.server_abstractions.Configuration object at 0x00000218AB120670>,16,34,-0.3922693707825729,0.36071136593818665,0.2731372549019608,0.11913211588061212
116,117,30,<pyews.server_abstractions.Configuration object at 0x00000218AB10F7F0>,34,33,-0.4834548908948983,0.18427406251430511,0.3108080808080808,0.17264681008681748
117,118,30,<pyews.server_abstractions.Configuration object at 0x00000218AB10F7F0>,34,28,-0.3576468100868175,0.269492506980896,0.185,0.17264681008681748
118,119,30,<pyews.server_abstractions.Configuration object at 0x00000218AB10F7F0>,34,35,-0.5064563338963413,0.24865496158599854,0.33380952380952383,0.17264681008681748
119,120,30,<pyews.server_abstractions.Configuration object at 0x00000218AB10F7F0>,34,32,-0.43004264342015086,0.15495565533638,0.2573958333333334,0.17264681008681748
120,121,30,<pyews.server_abstractions.Configuration object at 0x00000218AB10F7F0>,34,31,-0.4422167025599358,0.11017157882452011,0.2695698924731183,0.17264681008681748
121,122,10,<pyews.server_abstractions.Configuration object at 0x00000218AB0B6290>,4,30,-0.3593180107709015,0.03741507604718208,0.21433333333333332,0.14498467743756815
122,123,10,<pyews.server_abstractions.Configuration object at 0x00000218AB0B6290>,4,30,-0.3456513441042348,0.03940081596374512,0.2006666666666667,0.14498467743756815
123,124,10,<pyews.server_abstractions.Configuration object at 0x00000218AB0B6290>,4,31,-0.32455456991068643,0.2120506465435028,0.17956989247311828,0.14498467743756815
124,125,10,<pyews.server_abstractions.Configuration object at 0x00000218AB0B6290>,4,29,-0.32532950502377506,0.4138447940349579,0.1803448275862069,0.14498467743756815
125,126,10,<pyews.server_abstractions.Configuration object at 0x00000218AB0B6290>,4,31,-0.3746620967924069,0.09197288006544113,0.22967741935483874,0.14498467743756815
126,127,20,<pyews.server_abstractions.Configuration object at 0x00000218AB122E30>,31,35,-4.0,0.04507974535226822,2.0,2.0
127,128,30,<pyews.server_abstractions.Configuration object at 0x00000218AB10F7F0>,34,28,-0.35907538151538887,0.11897023767232895,0.1864285714285714,0.17264681008681748
128,129,30,<pyews.server_abstractions.Configuration object at 0x00000218AB10F7F0>,34,30,-0.34364681008681747,0.12081339955329895,0.17099999999999999,0.17264681008681748
129,130,30,<pyews.server_abstractions.Configuration object at 0x00000218AB10F7F0>,34,38,-0.5276468100868175,0.11932158470153809,0.35500000000000004,0.17264681008681748
130,131,21,<pyews.server_abstractions.Configuration object at 0x00000218AB076650>,22,37,-4.0,0.05236401408910751,2.0,2.0
131,132,11,<pyews.server_abstractions.Configuration object at 0x00000218AB120670>,16,30,-0.31057656032505654,0.08363126218318939,0.19144444444444444,0.11913211588061212
132,133,11,<pyews.server_abstractions.Configuration object at 0x00000218AB120670>,16,32,-0.3978821158806121,0.16037517786026,0.27875,0.11913211588061212
133,134,18,<pyews.server_abstractions.Configuration object at 0x00000218AB0FF850>,6,27,-4.0,0.16256412863731384,2.0,2.0
134,135,11,<pyews.server_abstractions.Configuration object at 0x00000218AB120670>,16,33,-0.3897381764866727,0.10102668404579163,0.27060606060606057,0.11913211588061212
135,136,11,<pyews.server_abstractions.Configuration object at 0x00000218AB120670>,16,32,-0.34840294921394543,0.05393371731042862,0.2292708333333333,0.11913211588061212
136,137,10,<pyews.server_abstractions.Configuration object at 0x00000218AB0B6290>,4,34,-0.41420036371207797,0.0148540697991848,0.2692156862745098,0.14498467743756815
137,138,10,<pyews.server_abstractions.Configuration object at 0x00000218AB0B6290>,4,27,-0.24757727003016078,0.036903366446495056,0.10259259259259261,0.14498467743756815
138,139,32,<pyews.server_abstractions.Configuration object at 0x00000218AB121FF0>,17,35,-0.7511482104124855,0.05059361457824707,0.3291428571428572,0.4220053532696283
139,140,32,<pyews.server_abstractions.Configuration object at 0x00000218AB121FF0>,17,33,-0.6964497977140727,0.06251133233308792,0.2744444444444444,0.4220053532696283
140,141,30,<pyews.server_abstractions.Configuration object at 0x00000218AB10F7F0>,34,35,-0.4900753815153888,0.06125747039914131,0.31742857142857134,0.17264681008681748
141,142,30,<pyews.server_abstractions.Configuration object at 0x00000218AB10F7F0>,34,35,-0.4615991910391984,0.036955755203962326,0.2889523809523809,0.17264681008681748
142,143,30,<pyews.server_abstractions.Configuration object at 0x00000218AB10F7F0>,34,30,-0.38575792119792857,0.022668374702334404,0.21311111111111108,0.17264681008681748
143,144,10,<pyews.server_abstractions.Configuration object at 0x00000218AB0B6290>,4,33,-0.4094291218820126,0.02304948680102825,0.2644444444444444,0.14498467743756815
144,145,10,<pyews.server_abstractions.Configuration object at 0x00000218AB0B6290>,4,32,-0.3504013441042348,0.047819335013628006,0.20541666666666664,0.14498467743756815
145,146,16,<pyews.server_abstractions.Configuration object at 0x00000218AB0EEC50>,7,39,-4.0,0.03731219097971916,2.0,2.0
146,147,41,<pyews.server_abstractions.Configuration object at 0x00000218AB0FD150>,11,37,-4.0,0.0357988178730011,2.0,2.0
147,148,11,<pyews.server_abstractions.Configuration object at 0x00000218AB120670>,16,39,-0.45904664579514204,0.011880466714501381,0.3399145299145299,0.11913211588061212
148,149,11,<pyews.server_abstractions.Configuration object at 0x00000218AB120670>,16,32,-0.3353821158806121,0.01018920075148344,0.21625,0.11913211588061212
149,150,11,<pyews.server_abstractions.Configuration object at 0x00000218AB120670>,16,32,-0.3494446158806121,0.011647903360426426,0.23031249999999998,0.11913211588061212
150,151,11,<pyews.server_abstractions.Configuration object at 0x00000218AB120670>,16,33,-0.3917583785068747,0.016493747010827065,0.2726262626262626,0.11913211588061212
151,152,30,<pyews.server_abstractions.Configuration object at 0x00000218AB10F7F0>,34,29,-0.36218703997187496,0.03560000658035278,0.18954022988505745,0.17264681008681748
152,153,30,<pyews.server_abstractions.Configuration object at 0x00000218AB10F7F0>,34,32,-0.4274384767534842,0.049481429159641266,0.2547916666666667,0.17264681008681748
153,154,30,<pyews.server_abstractions.Configuration object at 0x00000218AB10F7F0>,34,33,-0.41436398180398926,0.023845821619033813,0.24171717171717175,0.17264681008681748
154,155,30,<pyews.server_abstractions.Configuration object at 0x00000218AB10F7F0>,34,30,-0.3885356989757064,0.014425388537347317,0.21588888888888888,0.17264681008681748
155,156,30,<pyews.server_abstractions.Configuration object at 0x00000218AB10F7F0>,34,31,-0.4098511111620863,0.008998995646834373,0.23720430107526883,0.17264681008681748
156,157,10,<pyews.server_abstractions.Configuration object at 0x00000218AB0B6290>,4,34,-0.4278278146924701,0.019158050417900085,0.28284313725490196,0.14498467743756815
157,158,10,<pyews.server_abstractions.Configuration object at 0x00000218AB0B6290>,4,28,-0.32581801077090145,0.020140713080763817,0.18083333333333332,0.14498467743756815
158,159,10,<pyews.server_abstractions.Configuration object at 0x00000218AB0B6290>,4,32,-0.4198805107709015,0.014466885477304459,0.27489583333333334,0.14498467743756815
159,160,10,<pyews.server_abstractions.Configuration object at 0x00000218AB0B6290>,4,33,-0.37134831380120453,0.021100403741002083,0.22636363636363638,0.14498467743756815
160,161,17,<pyews.server_abstractions.Configuration object at 0x00000218AB0B4A90>,13,36,-4.0,0.016801003366708755,2.0,2.0
161,162,10,<pyews.server_abstractions.Configuration object at 0x00000218AB0B6290>,4,35,-0.4364132488661397,0.0051313163712620735,0.29142857142857154,0.14498467743756815
162,163,30,<pyews.server_abstractions.Configuration object at 0x00000218AB10F7F0>,34,31,-0.4218941219147745,0.0030334952753037214,0.24924731182795698,0.17264681008681748
163,164,30,<pyews.server_abstractions.Configuration object at 0x00000218AB10F7F0>,34,36,-0.4805171804571879,0.007386978715658188,0.3078703703703704,0.17264681008681748
164,165,30,<pyews.server_abstractions.Configuration object at 0x00000218AB10F7F0>,34,31,-0.3530769176136992,0.01344559621065855,0.1804301075268817,0.17264681008681748
165,166,10,<pyews.server_abstractions.Configuration object at 0x00000218AB0B6290>,4,35,-0.43136562981852056,0.020589249208569527,0.2863809523809524,0.14498467743756815
166,167,11,<pyews.server_abstractions.Configuration object at 0x00000218AB120670>,16,35,-0.4833225920710884,0.007514864671975374,0.3641904761904763,0.11913211588061212
167,168,11,<pyews.server_abstractions.Configuration object at 0x00000218AB120670>,16,33,-0.37519272194121817,0.005708836019039154,0.25606060606060604,0.11913211588061212
168,169,11,<pyews.server_abstractions.Configuration object at 0x00000218AB120670>,16,30,-0.32224322699172325,0.009881053119897842,0.2031111111111111,0.11913211588061212
169,170,11,<pyews.server_abstractions.Configuration object at 0x00000218AB120670>,16,35,-0.4161797349282312,0.00844024308025837,0.29704761904761906,0.11913211588061212
170,171,11,<pyews.server_abstractions.Configuration object at 0x00000218AB120670>,16,34,-0.3607007433315925,0.002308361465111375,0.24156862745098043,0.11913211588061212
171,172,11,<pyews.server_abstractions.Configuration object at 0x00000218AB120670>,16,29,-0.27430452967371555,0.005554632283747196,0.15517241379310343,0.11913211588061212
172,173,30,<pyews.server_abstractions.Configuration object at 0x00000218AB10F7F0>,34,33,-0.41961650705651443,0.005397044122219086,0.24696969696969692,0.17264681008681748
173,174,30,<pyews.server_abstractions.Configuration object at 0x00000218AB10F7F0>,34,32,-0.4022301434201508,0.009623423218727112,0.2295833333333333,0.17264681008681748
174,175,30,<pyews.server_abstractions.Configuration object at 0x00000218AB10F7F0>,34,35,-0.4409325243725318,0.00989737268537283,0.2682857142857143,0.17264681008681748
175,176,30,<pyews.server_abstractions.Configuration object at 0x00000218AB10F7F0>,34,29,-0.3266697985925646,0.004316987004131079,0.15402298850574714,0.17264681008681748
176,177,10,<pyews.server_abstractions.Configuration object at 0x00000218AB0B6290>,4,33,-0.433873566326457,0.004254561848938465,0.28888888888888886,0.14498467743756815
177,178,10,<pyews.server_abstractions.Configuration object at 0x00000218AB0B6290>,4,32,-0.3658180107709015,0.0040022144094109535,0.22083333333333333,0.14498467743756815
178,179,10,<pyews.server_abstractions.Configuration object at 0x00000218AB0B6290>,4,35,-0.41546086791375864,0.002423877129331231,0.2704761904761905,0.14498467743756815
179,180,10,<pyews.server_abstractions.Configuration object at 0x00000218AB0B6290>,4,29,-0.28429502226515435,0.00517759146168828,0.1393103448275862,0.14498467743756815
180,181,10,<pyews.server_abstractions.Configuration object at 0x00000218AB0B6290>,4,34,-0.3856709519473721,0.003603219287469983,0.24068627450980393,0.14498467743756815
181,182,30,<pyews.server_abstractions.Configuration object at 0x00000218AB10F7F0>,34,31,-0.4371629391190755,0.007874291390180588,0.264516129032258,0.17264681008681748
182,183,30,<pyews.server_abstractions.Configuration object at 0x00000218AB10F7F0>,34,31,-0.42737799288251643,0.007001102901995182,0.25473118279569895,0.17264681008681748
183,184,30,<pyews.server_abstractions.Configuration object at 0x00000218AB10F7F0>,34,34,-0.4507840649887782,0.004788531456142664,0.27813725490196073,0.17264681008681748
184,185,11,<pyews.server_abstractions.Configuration object at 0x00000218AB120670>,16,27,-0.2808605109423405,0.003706421470269561,0.16172839506172837,0.11913211588061212
185,186,11,<pyews.server_abstractions.Configuration object at 0x00000218AB120670>,16,27,-0.28234199242382196,0.001512470655143261,0.16320987654320987,0.11913211588061212
186,187,11,<pyews.server_abstractions.Configuration object at 0x00000218AB120670>,16,34,-0.3859948609786513,0.0038976764772087336,0.2668627450980392,0.11913211588061212
187,188,11,<pyews.server_abstractions.Configuration object at 0x00000218AB120670>,16,33,-0.3968088835573798,0.0047014933079481125,0.2776767676767677,0.11913211588061212
188,189,11,<pyews.server_abstractions.Configuration object at 0x00000218AB120670>,16,33,-0.3982230249715212,0.003935415297746658,0.27909090909090906,0.11913211588061212
189,190,11,<pyews.server_abstractions.Configuration object at 0x00000218AB120670>,16,36,-0.40820618995468616,0.0036669408436864614,0.28907407407407404,0.11913211588061212
190,191,30,<pyews.server_abstractions.Configuration object at 0x00000218AB10F7F0>,34,29,-0.3627617526155531,0.007554700598120689,0.19011494252873565,0.17264681008681748
191,192,30,<pyews.server_abstractions.Configuration object at 0x00000218AB10F7F0>,34,32,-0.4134801434201508,0.0057527609169483185,0.24083333333333334,0.17264681008681748
192,193,10,<pyews.server_abstractions.Configuration object at 0x00000218AB0B6290>,4,33,-0.38286346531635607,0.00199867133051157,0.2378787878787879,0.14498467743756815
193,194,10,<pyews.server_abstractions.Configuration object at 0x00000218AB0B6290>,4,40,-0.5014013441042349,0.0015851901844143867,0.35641666666666666,0.14498467743756815
194,195,10,<pyews.server_abstractions.Configuration object at 0x00000218AB0B6290>,4,31,-0.3547696236741273,0.0047092316672205925,0.20978494623655913,0.14498467743756815
195,196,10,<pyews.server_abstractions.Configuration object at 0x00000218AB0B6290>,4,33,-0.3776109400638308,0.002674402203410864,0.2326262626262626,0.14498467743756815
196,197,10,<pyews.server_abstractions.Configuration object at 0x00000218AB0B6290>,4,35,-0.4174608679137586,0.0014964157016947865,0.2724761904761904,0.14498467743756815
197,198,30,<pyews.server_abstractions.Configuration object at 0x00000218AB10F7F0>,34,35,-0.4793134767534841,0.005285231396555901,0.30666666666666664,0.17264681008681748
198,199,30,<pyews.server_abstractions.Configuration object at 0x00000218AB10F7F0>,34,33,-0.4484043858443933,0.002868871670216322,0.2757575757575758,0.17264681008681748
199,200,30,<pyews.server_abstractions.Configuration object at 0x00000218AB10F7F0>,34,33,-0.4283033757433831,0.0040455712005496025,0.25565656565656564,0.17264681008681748
200,201,11,<pyews.server_abstractions.Configuration object at 0x00000218AB120670>,16,36,-0.4623728566213529,0.0013623868580907583,0.3432407407407408,0.11913211588061212
201,202,11,<pyews.server_abstractions.Configuration object at 0x00000218AB120670>,16,33,-0.37054625729475354,0.0013672081986442208,0.2514141414141414,0.11913211588061212
202,203,11,<pyews.server_abstractions.Configuration object at 0x00000218AB120670>,16,30,-0.31590989365838995,0.002286950359120965,0.1967777777777778,0.11913211588061212
203,204,11,<pyews.server_abstractions.Configuration object at 0x00000218AB120670>,16,31,-0.35762673953652613,0.0035934713669121265,0.238494623655914,0.11913211588061212
204,205,11,<pyews.server_abstractions.Configuration object at 0x00000218AB120670>,16,30,-0.34146544921394545,0.002496172208338976,0.22233333333333333,0.11913211588061212
205,206,11,<pyews.server_abstractions.Configuration object at 0x00000218AB120670>,16,32,-0.3386112825472788,0.004745824728161097,0.21947916666666667,0.11913211588061212
206,207,30,<pyews.server_abstractions.Configuration object at 0x00000218AB10F7F0>,34,28,-0.3601468100868175,0.0021496261470019817,0.1875,0.17264681008681748
207,208,22,<pyews.server_abstractions.Configuration object at 0x00000218AB0C7A90>,28,38,-4.0,0.0044839284382760525,2.0,2.0
208,209,30,<pyews.server_abstractions.Configuration object at 0x00000218AB10F7F0>,34,34,-0.4899997512632881,0.004233090206980705,0.3173529411764706,0.17264681008681748
209,210,30,<pyews.server_abstractions.Configuration object at 0x00000218AB10F7F0>,34,34,-0.44617622185152334,0.0020246461499482393,0.27352941176470585,0.17264681008681748
210,211,10,<pyews.server_abstractions.Configuration object at 0x00000218AB0B6290>,4,32,-0.4080055107709015,0.0005722230416722596,0.26302083333333337,0.14498467743756815
211,212,11,<pyews.server_abstractions.Configuration object at 0x00000218AB120670>,16,33,-0.4393341360826323,0.003378193825483322,0.32020202020202015,0.11913211588061212
212,213,11,<pyews.server_abstractions.Configuration object at 0x00000218AB120670>,16,33,-0.36448565123414745,0.002388215158134699,0.24535353535353532,0.11913211588061212
213,214,11,<pyews.server_abstractions.Configuration object at 0x00000218AB120670>,16,33,-0.32842504517354143,0.002131012501195073,0.20929292929292934,0.11913211588061212
214,215,11,<pyews.server_abstractions.Configuration object at 0x00000218AB120670>,16,36,-0.4087617455102418,0.0009018700220622122,0.2896296296296297,0.11913211588061212
215,216,30,<pyews.server_abstractions.Configuration object at 0x00000218AB10F7F0>,34,32,-0.4560843100868175,0.0009212320437654853,0.2834375,0.17264681008681748
216,217,30,<pyews.server_abstractions.Configuration object at 0x00000218AB10F7F0>,34,27,-0.31301718045718785,0.0011302958009764552,0.14037037037037037,0.17264681008681748
217,218,30,<pyews.server_abstractions.Configuration object at 0x00000218AB10F7F0>,34,30,-0.34653569897570635,0.0020609586499631405,0.1738888888888889,0.17264681008681748
218,219,30,<pyews.server_abstractions.Configuration object at 0x00000218AB10F7F0>,34,31,-0.3869478853556347,0.0020482393447309732,0.2143010752688172,0.17264681008681748
219,220,30,<pyews.server_abstractions.Configuration object at 0x00000218AB10F7F0>,34,36,-0.469128291568299,0.0020198349375277758,0.2964814814814815,0.17264681008681748
220,221,11,<pyews.server_abstractions.Configuration object at 0x00000218AB120670>,16,31,-0.3142934062031928,0.0022896742448210716,0.19516129032258064,0.11913211588061212
221,222,11,<pyews.server_abstractions.Configuration object at 0x00000218AB120670>,16,36,-0.3702432269917232,0.004218815825879574,0.25111111111111106,0.11913211588061212
222,223,11,<pyews.server_abstractions.Configuration object at 0x00000218AB120670>,16,31,-0.3196697502892143,0.0014503170968964696,0.20053763440860214,0.11913211588061212
223,224,11,<pyews.server_abstractions.Configuration object at 0x00000218AB120670>,16,35,-0.3934178301663264,0.0013933551963418722,0.2742857142857143,0.11913211588061212
224,225,11,<pyews.server_abstractions.Configuration object at 0x00000218AB120670>,16,32,-0.3731946158806121,0.0017477439250797033,0.25406249999999997,0.11913211588061212
225,226,30,<pyews.server_abstractions.Configuration object at 0x00000218AB10F7F0>,34,31,-0.38071132621584974,0.0020142251159995794,0.20806451612903226,0.17264681008681748
226,227,30,<pyews.server_abstractions.Configuration object at 0x00000218AB10F7F0>,34,30,-0.4237579211979286,0.0017576180398464203,0.2511111111111111,0.17264681008681748
227,228,30,<pyews.server_abstractions.Configuration object at 0x00000218AB10F7F0>,34,36,-0.44773940267941004,0.0007694006781093776,0.27509259259259256,0.17264681008681748
228,229,10,<pyews.server_abstractions.Configuration object at 0x00000218AB0B6290>,4,29,-0.3454444475525107,0.000620339997112751,0.20045977011494256,0.14498467743756815
229,230,10,<pyews.server_abstractions.Configuration object at 0x00000218AB0B6290>,4,34,-0.375965069594431,0.0016044036019593477,0.2309803921568628,0.14498467743756815
230,231,10,<pyews.server_abstractions.Configuration object at 0x00000218AB0B6290>,4,30,-0.2895402329931237,0.0020095198415219784,0.14455555555555552,0.14498467743756815
231,232,10,<pyews.server_abstractions.Configuration object at 0x00000218AB0B6290>,4,34,-0.4188082068493329,0.0016143959946930408,0.27382352941176474,0.14498467743756815
232,233,10,<pyews.server_abstractions.Configuration object at 0x00000218AB0B6290>,4,31,-0.37724274195369717,0.0012783999554812908,0.23225806451612901,0.14498467743756815
233,234,11,<pyews.server_abstractions.Configuration object at 0x00000218AB120670>,16,27,-0.2571568072386368,0.0009001214057207108,0.1380246913580247,0.11913211588061212
234,235,11,<pyews.server_abstractions.Configuration object at 0x00000218AB120670>,16,32,-0.35881961588061206,0.0011359590571373701,0.23968749999999997,0.11913211588061212
235,236,11,<pyews.server_abstractions.Configuration object at 0x00000218AB120670>,16,32,-0.3229862825472788,0.0011760045308619738,0.20385416666666667,0.11913211588061212
236,237,11,<pyews.server_abstractions.Configuration object at 0x00000218AB120670>,16,31,-0.3007450191064186,0.0015875782119110227,0.18161290322580645,0.11913211588061212
237,238,11,<pyews.server_abstractions.Configuration object at 0x00000218AB120670>,16,29,-0.29602866760475005,0.0008458407828584313,0.17689655172413793,0.11913211588061212
238,239,11,<pyews.server_abstractions.Configuration object at 0x00000218AB120670>,16,31,-0.30859448147200996,0.0016390143427997828,0.18946236559139784,0.11913211588061212
239,240,11,<pyews.server_abstractions.Configuration object at 0x00000218AB120670>,16,34,-0.42256348842963176,0.0005385829135775566,0.30343137254901964,0.11913211588061212
240,241,10,<pyews.server_abstractions.Configuration object at 0x00000218AB0B6290>,4,33,-0.37629780875069946,0.0014580362476408482,0.2313131313131313,0.14498467743756815
241,242,10,<pyews.server_abstractions.Configuration object at 0x00000218AB0B6290>,4,29,-0.308777780885844,0.0028540370985865593,0.16379310344827586,0.14498467743756815
242,243,10,<pyews.server_abstractions.Configuration object at 0x00000218AB0B6290>,4,29,-0.36015709123067163,0.0016884531360119581,0.21517241379310345,0.14498467743756815
243,244,30,<pyews.server_abstractions.Configuration object at 0x00000218AB10F7F0>,34,33,-0.43062660806661546,0.0006379456026479602,0.257979797979798,0.17264681008681748
244,245,30,<pyews.server_abstractions.Configuration object at 0x00000218AB10F7F0>,34,28,-0.32621823865824606,0.0012522418983280659,0.15357142857142855,0.17264681008681748
245,246,30,<pyews.server_abstractions.Configuration object at 0x00000218AB10F7F0>,34,37,-0.5109350983751058,0.0018045250326395035,0.3382882882882883,0.17264681008681748
246,247,11,<pyews.server_abstractions.Configuration object at 0x00000218AB120670>,16,29,-0.31131602392658914,0.0022087052930146456,0.19218390804597701,0.11913211588061212
247,248,11,<pyews.server_abstractions.Configuration object at 0x00000218AB120670>,16,29,-0.3190171733518765,0.001595520880073309,0.1998850574712644,0.11913211588061212
248,249,11,<pyews.server_abstractions.Configuration object at 0x00000218AB120670>,16,28,-0.2515130682615645,0.0009356188238598406,0.13238095238095238,0.11913211588061212
249,250,10,<pyews.server_abstractions.Configuration object at 0x00000218AB0B6290>,4,29,-0.31716858548354515,0.0029327338561415672,0.172183908045977,0.14498467743756815
250,251,10,<pyews.server_abstractions.Configuration object at 0x00000218AB0B6290>,4,32,-0.38685967743756816,0.001351888757199049,0.241875,0.14498467743756815
251,252,10,<pyews.server_abstractions.Configuration object at 0x00000218AB0B6290>,4,30,-0.3413180107709015,0.0007002841448411345,0.19633333333333333,0.14498467743756815
252,253,10,<pyews.server_abstractions.Configuration object at 0x00000218AB0B6290>,4,37,-0.44318287563576636,0.0011087589664384723,0.2981981981981982,0.14498467743756815
253,254,30,<pyews.server_abstractions.Configuration object at 0x00000218AB10F7F0>,34,30,-0.4044245878645953,0.0018678606720641255,0.2317777777777778,0.17264681008681748
254,255,30,<pyews.server_abstractions.Configuration object at 0x00000218AB10F7F0>,34,31,-0.36221670255993577,0.0023920335806906223,0.18956989247311826,0.17264681008681748
255,256,30,<pyews.server_abstractions.Configuration object at 0x00000218AB10F7F0>,34,32,-0.41118847675348413,0.002080169040709734,0.23854166666666665,0.17264681008681748
256,257,11,<pyews.server_abstractions.Configuration object at 0x00000218AB120670>,16,34,-0.39344584137080824,0.000892129261046648,0.2743137254901961,0.11913211588061212
257,258,11,<pyews.server_abstractions.Configuration object at 0x00000218AB120670>,16,34,-0.3767791747041415,0.0011866020504385233,0.2576470588235294,0.11913211588061212
258,259,11,<pyews.server_abstractions.Configuration object at 0x00000218AB120670>,16,34,-0.3535438805864945,0.0013872090494260192,0.23441176470588238,0.11913211588061212
259,260,11,<pyews.server_abstractions.Configuration object at 0x00000218AB120670>,16,31,-0.3511751266333003,0.0014200937002897263,0.23204301075268818,0.11913211588061212
260,261,11,<pyews.server_abstractions.Configuration object at 0x00000218AB120670>,16,31,-0.35461598684835405,0.0009729010635055602,0.23548387096774193,0.11913211588061212
261,262,11,<pyews.server_abstractions.Configuration object at 0x00000218AB120670>,16,34,-0.4114850570570827,0.001077770022675395,0.2923529411764706,0.11913211588061212
262,263,11,<pyews.server_abstractions.Configuration object at 0x00000218AB120670>,16,32,-0.35225711588061215,0.0009717011707834899,0.23312500000000003,0.11913211588061212
263,264,30,<pyews.server_abstractions.Configuration object at 0x00000218AB10F7F0>,34,31,-0.4340446595491831,0.0014338251203298569,0.2613978494623656,0.17264681008681748
264,265,30,<pyews.server_abstractions.Configuration object at 0x00000218AB10F7F0>,34,34,-0.45254877087113116,0.0020480575039982796,0.2799019607843137,0.17264681008681748
265,266,30,<pyews.server_abstractions.Configuration object at 0x00000218AB10F7F0>,34,33,-0.42042458786459525,0.0017528889002278447,0.24777777777777776,0.17264681008681748
266,267,10,<pyews.server_abstractions.Configuration object at 0x00000218AB0B6290>,4,33,-0.43993417238706306,0.0010807521175593138,0.2949494949494949,0.14498467743756815
267,268,11,<pyews.server_abstractions.Configuration object at 0x00000218AB120670>,16,32,-0.3618404492139454,0.0014122400898486376,0.24270833333333333,0.11913211588061212
268,269,11,<pyews.server_abstractions.Configuration object at 0x00000218AB120670>,16,34,-0.3892301550962984,0.0014100347179919481,0.27009803921568626,0.11913211588061212
269,270,11,<pyews.server_abstractions.Configuration object at 0x00000218AB120670>,16,36,-0.42116915291764917,0.0007549484726041555,0.30203703703703705,0.11913211588061212
270,271,11,<pyews.server_abstractions.Configuration object at 0x00000218AB120670>,16,30,-0.31113211588061207,0.0005648277001455426,0.19199999999999998,0.11913211588061212
271,272,11,<pyews.server_abstractions.Configuration object at 0x00000218AB120670>,16,38,-0.4311496597402612,0.0012416711542755365,0.3120175438596491,0.11913211588061212
272,273,11,<pyews.server_abstractions.Configuration object at 0x00000218AB120670>,16,31,-0.3066589976010422,0.0022498343605548143,0.18752688172043008,0.11913211588061212
273,274,10,<pyews.server_abstractions.Configuration object at 0x00000218AB0B6290>,4,34,-0.4179258539081564,0.0011675528949126601,0.27294117647058824,0.14498467743756815
274,275,10,<pyews.server_abstractions.Configuration object at 0x00000218AB0B6290>,4,35,-0.3856513441042348,0.0008599843713454902,0.24066666666666664,0.14498467743756815
275,276,10,<pyews.server_abstractions.Configuration object at 0x00000218AB0B6290>,4,34,-0.3784160499865878,0.002056227531284094,0.23343137254901963,0.14498467743756815
276,277,10,<pyews.server_abstractions.Configuration object at 0x00000218AB0B6290>,4,34,-0.43586703037874464,0.0012554519344121218,0.2908823529411765,0.14498467743756815
277,278,10,<pyews.server_abstractions.Configuration object at 0x00000218AB0B6290>,4,33,-0.38740891986181053,0.00206099939532578,0.24242424242424238,0.14498467743756815
278,279,10,<pyews.server_abstractions.Configuration object at 0x00000218AB0B6290>,4,33,-0.360843263296154,0.0010949154384434223,0.2158585858585859,0.14498467743756815
279,280,11,<pyews.server_abstractions.Configuration object at 0x00000218AB120670>,16,34,-0.3845242727433572,0.0005481818225234747,0.2653921568627451,0.11913211588061212
280,281,11,<pyews.server_abstractions.Configuration object at 0x00000218AB120670>,16,35,-0.3961797349282311,0.0012893095845356584,0.277047619047619,0.11913211588061212
281,282,11,<pyews.server_abstractions.Configuration object at 0x00000218AB120670>,16,30,-0.3227987825472788,0.0016587218269705772,0.20366666666666663,0.11913211588061212
282,283,11,<pyews.server_abstractions.Configuration object at 0x00000218AB120670>,16,29,-0.31844246070819837,0.0020110898185521364,0.19931034482758622,0.11913211588061212
283,284,11,<pyews.server_abstractions.Configuration object at 0x00000218AB120670>,16,31,-0.30160523416018203,0.0013464302755892277,0.18247311827956988,0.11913211588061212
284,285,11,<pyews.server_abstractions.Configuration object at 0x00000218AB120670>,16,35,-0.37208449683299305,0.001103340182453394,0.25295238095238093,0.11913211588061212
285,286,10,<pyews.server_abstractions.Configuration object at 0x00000218AB0B6290>,4,29,-0.3394674360582578,0.0011810476426035166,0.19448275862068964,0.14498467743756815
286,287,10,<pyews.server_abstractions.Configuration object at 0x00000218AB0B6290>,4,38,-0.4355987125252875,0.003778129117563367,0.2906140350877193,0.14498467743756815
287,288,10,<pyews.server_abstractions.Configuration object at 0x00000218AB0B6290>,4,38,-0.43472151954283134,0.0011446319986134768,0.2897368421052632,0.14498467743756815
288,289,10,<pyews.server_abstractions.Configuration object at 0x00000218AB0B6290>,4,30,-0.35387356632645706,0.0004654713557101786,0.20888888888888887,0.14498467743756815
289,290,11,<pyews.server_abstractions.Configuration object at 0x00000218AB120670>,16,34,-0.38030858646884746,0.0004662949650082737,0.26117647058823534,0.11913211588061212
290,291,11,<pyews.server_abstractions.Configuration object at 0x00000218AB120670>,16,32,-0.38684044921394545,0.0009171051206067204,0.2677083333333333,0.11913211588061212
291,292,11,<pyews.server_abstractions.Configuration object at 0x00000218AB120670>,16,26,-0.1823372440857403,0.0014385853428393602,0.0632051282051282,0.11913211588061212
292,293,11,<pyews.server_abstractions.Configuration object at 0x00000218AB120670>,16,30,-0.33246544921394544,0.0020300718024373055,0.21333333333333332,0.11913211588061212
293,294,10,<pyews.server_abstractions.Configuration object at 0x00000218AB0B6290>,4,32,-0.3861305107709015,0.0008090996416285634,0.24114583333333334,0.14498467743756815
294,295,10,<pyews.server_abstractions.Configuration object at 0x00000218AB0B6290>,4,30,-0.3570957885486793,0.0006730201421305537,0.21211111111111114,0.14498467743756815
295,296,10,<pyews.server_abstractions.Configuration object at 0x00000218AB0B6290>,4,32,-0.35154717743756814,0.0010178321972489357,0.2065625,0.14498467743756815
296,297,10,<pyews.server_abstractions.Configuration object at 0x00000218AB0B6290>,4,38,-0.45849344936739267,0.0017436215421184897,0.3135087719298245,0.14498467743756815
297,298,10,<pyews.server_abstractions.Configuration object at 0x00000218AB0B6290>,4,37,-0.43201170446459514,0.0019048539688810706,0.287027027027027,0.14498467743756815
298,299,10,<pyews.server_abstractions.Configuration object at 0x00000218AB0B6290>,4,30,-0.36576245521534595,0.0005877541843801737,0.2207777777777778,0.14498467743756815
299,300,11,<pyews.server_abstractions.Configuration object at 0x00000218AB120670>,16,28,-0.3507987825472788,0.0005210594390518963,0.23166666666666666,0.11913211588061212
300,301,11,<pyews.server_abstractions.Configuration object at 0x00000218AB120670>,16,32,-0.30340294921394545,0.000785484560765326,0.18427083333333333,0.11913211588061212
301,302,11,<pyews.server_abstractions.Configuration object at 0x00000218AB120670>,16,40,-0.44813211588061214,0.0012485020561143756,0.329,0.11913211588061212
302,303,11,<pyews.server_abstractions.Configuration object at 0x00000218AB120670>,16,35,-0.37427497302346924,0.0035235879477113485,0.2551428571428571,0.11913211588061212
303,304,11,<pyews.server_abstractions.Configuration object at 0x00000218AB120670>,16,35,-0.35970354445204067,0.0008200905867852271,0.24057142857142857,0.11913211588061212
304,305,30,<pyews.server_abstractions.Configuration object at 0x00000218AB10F7F0>,34,31,-0.3977005735276777,0.0015787490410730243,0.2250537634408602,0.17264681008681748
305,306,10,<pyews.server_abstractions.Configuration object at 0x00000218AB0B6290>,4,37,-0.44786756032045105,0.0017103987047448754,0.3028828828828829,0.14498467743756815
306,307,10,<pyews.server_abstractions.Configuration object at 0x00000218AB0B6290>,4,33,-0.3939745764274672,0.001539826625958085,0.24898989898989904,0.14498467743756815
307,308,10,<pyews.server_abstractions.Configuration object at 0x00000218AB0B6290>,4,30,-0.33854023299312375,0.0004735936236102134,0.19355555555555556,0.14498467743756815
308,309,11,<pyews.server_abstractions.Configuration object at 0x00000218AB120670>,16,35,-0.4788464015948978,0.000915129785425961,0.35971428571428565,0.11913211588061212
309,310,11,<pyews.server_abstractions.Configuration object at 0x00000218AB120670>,16,33,-0.36095029769879394,0.0012696718331426382,0.24181818181818182,0.11913211588061212
310,311,11,<pyews.server_abstractions.Configuration object at 0x00000218AB120670>,16,30,-0.3141321158806121,0.0015572418924421072,0.19499999999999998,0.11913211588061212
311,312,11,<pyews.server_abstractions.Configuration object at 0x00000218AB120670>,16,32,-0.38361128254727883,0.0017771967686712742,0.2644791666666667,0.11913211588061212
312,313,10,<pyews.server_abstractions.Configuration object at 0x00000218AB0B6290>,4,28,-0.34748467743756817,0.0008935241494327784,0.20250000000000004,0.14498467743756815
313,314,10,<pyews.server_abstractions.Configuration object at 0x00000218AB0B6290>,4,38,-0.4599846774375682,0.001355680637061596,0.31500000000000006,0.14498467743756815
314,315,10,<pyews.server_abstractions.Configuration object at 0x00000218AB0B6290>,4,36,-0.44202171447460525,0.002210587728768587,0.2970370370370371,0.14498467743756815
315,316,10,<pyews.server_abstractions.Configuration object at 0x00000218AB0B6290>,4,31,-0.3316513441042348,0.0032857758924365044,0.18666666666666668,0.14498467743756815
316,317,11,<pyews.server_abstractions.Configuration object at 0x00000218AB120670>,16,34,-0.4291321158806121,0.00045536336256191134,0.31,0.11913211588061212
317,318,11,<pyews.server_abstractions.Configuration object at 0x00000218AB120670>,16,35,-0.3977987825472789,0.0015380785334855318,0.2786666666666668,0.11913211588061212
318,319,11,<pyews.server_abstractions.Configuration object at 0x00000218AB120670>,16,30,-0.302021004769501,0.002212150488048792,0.18288888888888888,0.11913211588061212
319,320,11,<pyews.server_abstractions.Configuration object at 0x00000218AB120670>,16,34,-0.39962231195904346,0.0022727088071405888,0.28049019607843134,0.11913211588061212
320,321,11,<pyews.server_abstractions.Configuration object at 0x00000218AB120670>,16,33,-0.4011523179008141,0.0009314606431871653,0.282020202020202,0.11913211588061212
321,322,11,<pyews.server_abstractions.Configuration object at 0x00000218AB120670>,16,32,-0.3413196158806121,0.0008501784177497029,0.22218749999999998,0.11913211588061212
322,323,30,<pyews.server_abstractions.Configuration object at 0x00000218AB10F7F0>,34,29,-0.3877042813511853,0.0014490664470940828,0.2150574712643678,0.17264681008681748
323,324,30,<pyews.server_abstractions.Configuration object at 0x00000218AB10F7F0>,34,31,-0.39329197137714006,0.0015764839481562376,0.22064516129032258,0.17264681008681748
324,325,30,<pyews.server_abstractions.Configuration object at 0x00000218AB10F7F0>,34,29,-0.37310658020176,0.0012528583174571395,0.2004597701149425,0.17264681008681748
325,326,11,<pyews.server_abstractions.Configuration object at 0x00000218AB120670>,16,27,-0.33172470847320473,0.000691798806656152,0.2125925925925926,0.11913211588061212
326,327,11,<pyews.server_abstractions.Configuration object at 0x00000218AB120670>,16,34,-0.4381517237237493,0.0006980565376579762,0.31901960784313715,0.11913211588061212
327,328,11,<pyews.server_abstractions.Configuration object at 0x00000218AB120670>,16,28,-0.28556068730918355,0.0011430935701355338,0.16642857142857143,0.11913211588061212
328,329,11,<pyews.server_abstractions.Configuration object at 0x00000218AB120670>,16,28,-0.2805606873091836,0.001607705606147647,0.16142857142857145,0.11913211588061212
329,330,10,<pyews.server_abstractions.Configuration object at 0x00000218AB0B6290>,4,30,-0.385873566326457,0.001517034019343555,0.24088888888888885,0.14498467743756815
330,331,10,<pyews.server_abstractions.Configuration object at 0x00000218AB0B6290>,4,34,-0.41194546175129365,0.0006714763585478067,0.2669607843137255,0.14498467743756815
331,332,10,<pyews.server_abstractions.Configuration object at 0x00000218AB0B6290>,4,31,-0.34068360216875093,0.0016313213855028152,0.19569892473118278,0.14498467743756815
332,333,30,<pyews.server_abstractions.Configuration object at 0x00000218AB10F7F0>,34,31,-0.42920594987176375,0.0026563366409391165,0.25655913978494627,0.17264681008681748
333,334,30,<pyews.server_abstractions.Configuration object at 0x00000218AB10F7F0>,34,36,-0.508665328605336,0.0007616613293066621,0.3360185185185185,0.17264681008681748
334,335,11,<pyews.server_abstractions.Configuration object at 0x00000218AB120670>,16,33,-0.42893009567859197,0.001039783819578588,0.30979797979797985,0.11913211588061212
335,336,11,<pyews.server_abstractions.Configuration object at 0x00000218AB120670>,16,31,-0.29891706211717123,0.0013627558946609497,0.1797849462365591,0.11913211588061212
336,337,11,<pyews.server_abstractions.Configuration object at 0x00000218AB120670>,16,33,-0.3788290855775818,0.0015545072965323925,0.2596969696969697,0.11913211588061212
337,338,11,<pyews.server_abstractions.Configuration object at 0x00000218AB120670>,16,34,-0.40854388058649455,0.0008963249856606126,0.2894117647058824,0.11913211588061212
338,339,11,<pyews.server_abstractions.Configuration object at 0x00000218AB120670>,16,36,-0.38968767143616767,0.001360843307338655,0.27055555555555555,0.11913211588061212
339,340,11,<pyews.server_abstractions.Configuration object at 0x00000218AB120670>,16,36,-0.41811359736209364,0.0017193893436342478,0.2989814814814815,0.11913211588061212
340,341,10,<pyews.server_abstractions.Configuration object at 0x00000218AB0B6290>,4,30,-0.36120689965979036,0.0007785568595863879,0.2162222222222222,0.14498467743756815
341,342,30,<pyews.server_abstractions.Configuration object at 0x00000218AB10F7F0>,34,33,-0.47224276968277706,0.000905426568351686,0.2995959595959596,0.17264681008681748
342,343,30,<pyews.server_abstractions.Configuration object at 0x00000218AB10F7F0>,34,29,-0.3824169250293462,0.0009099853923544288,0.20977011494252876,0.17264681008681748
343,344,11,<pyews.server_abstractions.Configuration object at 0x00000218AB120670>,16,35,-0.4331321158806122,0.0006180321797728539,0.31400000000000006,0.11913211588061212
344,345,11,<pyews.server_abstractions.Configuration object at 0x00000218AB120670>,16,35,-0.42808449683299304,0.0006891391240060329,0.3089523809523809,0.11913211588061212
345,346,11,<pyews.server_abstractions.Configuration object at 0x00000218AB120670>,16,27,-0.24851483192999485,0.0010504302335903049,0.12938271604938273,0.11913211588061212
346,347,11,<pyews.server_abstractions.Configuration object at 0x00000218AB120670>,16,32,-0.3274654492139455,0.0013303945306688547,0.20833333333333334,0.11913211588061212
347,348,10,<pyews.server_abstractions.Configuration object at 0x00000218AB0B6290>,4,33,-0.3784190208719116,0.001283613732084632,0.2334343434343434,0.14498467743756815
348,349,10,<pyews.server_abstractions.Configuration object at 0x00000218AB0B6290>,4,35,-0.4148894393423301,0.0011707601370289922,0.2699047619047619,0.14498467743756815
349,350,10,<pyews.server_abstractions.Configuration object at 0x00000218AB0B6290>,4,31,-0.35251155915799826,0.000963368802331388,0.20752688172043007,0.14498467743756815
350,351,30,<pyews.server_abstractions.Configuration object at 0x00000218AB10F7F0>,34,29,-0.35149738479946113,0.0006547319935634732,0.17885057471264365,0.17264681008681748
351,352,30,<pyews.server_abstractions.Configuration object at 0x00000218AB10F7F0>,34,32,-0.3724384767534842,0.0008839002111926675,0.19979166666666667,0.17264681008681748
352,353,30,<pyews.server_abstractions.Configuration object at 0x00000218AB10F7F0>,34,33,-0.41931347675348407,0.0006020483560860157,0.24666666666666662,0.17264681008681748
353,354,11,<pyews.server_abstractions.Configuration object at 0x00000218AB120670>,16,32,-0.38454878254727876,0.0006974650314077735,0.26541666666666663,0.11913211588061212
354,355,11,<pyews.server_abstractions.Configuration object at 0x00000218AB120670>,16,31,-0.3417127610419024,0.0007455358281731606,0.2225806451612903,0.11913211588061212
355,356,11,<pyews.server_abstractions.Configuration object at 0x00000218AB120670>,16,40,-0.4700487825472788,0.0009818091057240963,0.35091666666666665,0.11913211588061212
356,357,11,<pyews.server_abstractions.Configuration object at 0x00000218AB120670>,16,34,-0.3896223119590435,0.0008226563804782927,0.2704901960784314,0.11913211588061212
357,358,11,<pyews.server_abstractions.Configuration object at 0x00000218AB120670>,16,31,-0.3360138363107197,0.0007578200893476605,0.21688172043010753,0.11913211588061212
358,359,10,<pyews.server_abstractions.Configuration object at 0x00000218AB0B6290>,4,32,-0.4264430107709015,0.0009101590258069336,0.28145833333333337,0.14498467743756815
359,360,10,<pyews.server_abstractions.Configuration object at 0x00000218AB0B6290>,4,35,-0.43565134410423484,0.0010512383887544274,0.2906666666666667,0.14498467743756815
360,361,10,<pyews.server_abstractions.Configuration object at 0x00000218AB0B6290>,4,40,-0.4788180107709014,0.0007877551252022386,0.33383333333333326,0.14498467743756815
361,362,10,<pyews.server_abstractions.Configuration object at 0x00000218AB0B6290>,4,36,-0.40766986262275334,0.0019486886449158192,0.2626851851851852,0.14498467743756815
362,363,10,<pyews.server_abstractions.Configuration object at 0x00000218AB0B6290>,4,35,-0.4344132488661396,0.0008867887081578374,0.2894285714285714,0.14498467743756815
363,364,11,<pyews.server_abstractions.Configuration object at 0x00000218AB120670>,16,36,-0.41931730106579723,0.0007204000139608979,0.3001851851851851,0.11913211588061212
364,365,11,<pyews.server_abstractions.Configuration object at 0x00000218AB120670>,16,30,-0.3311321158806122,0.0012014023959636688,0.21200000000000005,0.11913211588061212
365,366,11,<pyews.server_abstractions.Configuration object at 0x00000218AB120670>,16,32,-0.3657987825472788,0.0008342608925886452,0.2466666666666667,0.11913211588061212
366,367,11,<pyews.server_abstractions.Configuration object at 0x00000218AB120670>,16,31,-0.35386329867631106,0.0007933559827506542,0.23473118279569893,0.11913211588061212
367,368,11,<pyews.server_abstractions.Configuration object at 0x00000218AB120670>,16,39,-0.48255091929941557,0.0007368766819126904,0.36341880341880345,0.11913211588061212
368,369,30,<pyews.server_abstractions.Configuration object at 0x00000218AB10F7F0>,34,33,-0.4202225676625751,0.0008364807581529021,0.24757575757575762,0.17264681008681748
369,370,30,<pyews.server_abstractions.Configuration object at 0x00000218AB10F7F0>,34,32,-0.42098014342015083,0.0014149516355246305,0.24833333333333335,0.17264681008681748
370,371,30,<pyews.server_abstractions.Configuration object at 0x00000218AB10F7F0>,34,35,-0.4293134767534842,0.001109639066271484,0.2566666666666667,0.17264681008681748
371,372,30,<pyews.server_abstractions.Configuration object at 0x00000218AB10F7F0>,34,32,-0.43129264342015083,0.0008779818890616298,0.25864583333333335,0.17264681008681748
372,373,11,<pyews.server_abstractions.Configuration object at 0x00000218AB120670>,16,26,-0.2625936543421506,0.0004147444851696491,0.14346153846153847,0.11913211588061212
373,374,25,<pyews.server_abstractions.Configuration object at 0x00000218AB10D030>,21,32,-4.0,0.0011129984632134438,2.0,2.0
374,375,11,<pyews.server_abstractions.Configuration object at 0x00000218AB120670>,16,32,-0.40298628254727875,0.0012145326472818851,0.28385416666666663,0.11913211588061212
375,376,11,<pyews.server_abstractions.Configuration object at 0x00000218AB120670>,16,28,-0.2284178301663264,0.0005666781216859818,0.10928571428571429,0.11913211588061212
376,377,11,<pyews.server_abstractions.Configuration object at 0x00000218AB120670>,16,34,-0.36942623352767096,0.0007315273396670818,0.25029411764705883,0.11913211588061212
377,378,10,<pyews.server_abstractions.Configuration object at 0x00000218AB0B6290>,4,33,-0.39942912188201257,0.000690728600602597,0.2544444444444444,0.14498467743756815
378,379,30,<pyews.server_abstractions.Configuration object at 0x00000218AB10F7F0>,34,26,-0.29072373316374056,0.0010487496620044112,0.1180769230769231,0.17264681008681748
379,380,30,<pyews.server_abstractions.Configuration object at 0x00000218AB10F7F0>,34,33,-0.4203235777635852,0.0009094835841096938,0.2476767676767677,0.17264681008681748
380,381,10,<pyews.server_abstractions.Configuration object at 0x00000218AB0B6290>,4,33,-0.4024594249123157,0.0010755221592262387,0.2574747474747475,0.14498467743756815
381,382,10,<pyews.server_abstractions.Configuration object at 0x00000218AB0B6290>,4,32,-0.41394301077090145,0.0009798420360311866,0.2689583333333333,0.14498467743756815
382,383,11,<pyews.server_abstractions.Configuration object at 0x00000218AB120670>,16,33,-0.40034423709273326,0.0005907105514779687,0.28121212121212114,0.11913211588061212
383,384,11,<pyews.server_abstractions.Configuration object at 0x00000218AB120670>,16,31,-0.3668740513644831,0.001313019311055541,0.24774193548387097,0.11913211588061212
384,385,11,<pyews.server_abstractions.Configuration object at 0x00000218AB120670>,16,29,-0.3026953342714167,0.0008593203965574503,0.18356321839080458,0.11913211588061212
385,386,11,<pyews.server_abstractions.Configuration object at 0x00000218AB120670>,16,33,-0.3955967623452586,0.0008413048926740885,0.27646464646464647,0.11913211588061212
386,387,11,<pyews.server_abstractions.Configuration object at 0x00000218AB120670>,16,29,-0.2933849894438305,0.0014337506145238876,0.1742528735632184,0.11913211588061212
387,388,11,<pyews.server_abstractions.Configuration object at 0x00000218AB120670>,16,28,-0.27901306826156447,0.0013441224582493305,0.15988095238095237,0.11913211588061212
388,389,30,<pyews.server_abstractions.Configuration object at 0x00000218AB10F7F0>,34,30,-0.40609125453126194,0.0009233673335984349,0.23344444444444445,0.17264681008681748
389,390,11,<pyews.server_abstractions.Configuration object at 0x00000218AB120670>,16,28,-0.3296083063568026,0.0006628164555877447,0.21047619047619048,0.11913211588061212
390,391,11,<pyews.server_abstractions.Configuration object at 0x00000218AB120670>,16,32,-0.3487154492139455,0.0011893166229128838,0.22958333333333336,0.11913211588061212
391,392,11,<pyews.server_abstractions.Configuration object at 0x00000218AB120670>,16,32,-0.3395487825472788,0.0010163033148273826,0.22041666666666668,0.11913211588061212
392,393,11,<pyews.server_abstractions.Configuration object at 0x00000218AB120670>,16,32,-0.37642378254727876,0.0010174913331866264,0.25729166666666664,0.11913211588061212
393,394,10,<pyews.server_abstractions.Configuration object at 0x00000218AB0B6290>,4,35,-0.44231801077090144,0.0009499337757006288,0.2973333333333333,0.14498467743756815
394,395,10,<pyews.server_abstractions.Configuration object at 0x00000218AB0B6290>,4,31,-0.3579954301257402,0.0010611946927383542,0.21301075268817204,0.14498467743756815
395,396,10,<pyews.server_abstractions.Configuration object at 0x00000218AB0B6290>,4,35,-0.42107991553280627,0.001149405026808381,0.2760952380952381,0.14498467743756815
396,397,10,<pyews.server_abstractions.Configuration object at 0x00000218AB0B6290>,4,34,-0.396357226457176,0.0009317869553342462,0.25137254901960787,0.14498467743756815
397,398,11,<pyews.server_abstractions.Configuration object at 0x00000218AB120670>,16,27,-0.3064160664978961,0.0007423881907016039,0.18728395061728395,0.11913211588061212
398,399,11,<pyews.server_abstractions.Configuration object at 0x00000218AB120670>,16,31,-0.3009600728698595,0.0012669679708778858,0.18182795698924734,0.11913211588061212
399,400,11,<pyews.server_abstractions.Configuration object at 0x00000218AB120670>,16,33,-0.3633745401230363,0.001058430876582861,0.2442424242424242,0.11913211588061212
400,401,11,<pyews.server_abstractions.Configuration object at 0x00000218AB120670>,16,35,-0.41789402064251685,0.001728427829220891,0.29876190476190473,0.11913211588061212
401,402,11,<pyews.server_abstractions.Configuration object at 0x00000218AB120670>,16,31,-0.35526114813867665,0.001084948075003922,0.23612903225806453,0.11913211588061212
402,403,11,<pyews.server_abstractions.Configuration object at 0x00000218AB120670>,16,29,-0.30349993197256614,0.0008884579874575138,0.18436781609195402,0.11913211588061212
403,404,11,<pyews.server_abstractions.Configuration object at 0x00000218AB120670>,16,32,-0.34725711588061214,0.0012860659044235945,0.22812500000000002,0.11913211588061212
404,405,11,<pyews.server_abstractions.Configuration object at 0x00000218AB120670>,16,33,-0.3736775704260667,0.0017097668023779988,0.2545454545454546,0.11913211588061212
405,406,11,<pyews.server_abstractions.Configuration object at 0x00000218AB120670>,16,34,-0.37030858646884746,0.0009369476465508342,0.25117647058823533,0.11913211588061212
406,407,11,<pyews.server_abstractions.Configuration object at 0x00000218AB120670>,16,30,-0.2969098936583899,0.0006894724210724235,0.17777777777777776,0.11913211588061212
407,408,11,<pyews.server_abstractions.Configuration object at 0x00000218AB120670>,16,29,-0.32694820783463513,0.0011223835172131658,0.207816091954023,0.11913211588061212
408,409,11,<pyews.server_abstractions.Configuration object at 0x00000218AB120670>,16,36,-0.3963543381028344,0.0016252631321549416,0.27722222222222226,0.11913211588061212
409,410,11,<pyews.server_abstractions.Configuration object at 0x00000218AB120670>,16,33,-0.3927684795169758,0.0010014460422098637,0.2736363636363637,0.11913211588061212
410,411,10,<pyews.server_abstractions.Configuration object at 0x00000218AB0B6290>,4,30,-0.38776245521534597,0.0013849992537871003,0.24277777777777781,0.14498467743756815
411,412,10,<pyews.server_abstractions.Configuration object at 0x00000218AB0B6290>,4,36,-0.42331801077090153,0.0013544204412028193,0.2783333333333334,0.14498467743756815
412,413,10,<pyews.server_abstractions.Configuration object at 0x00000218AB0B6290>,4,38,-0.45024783533230506,0.0017416607588529587,0.3052631578947369,0.14498467743756815
413,414,10,<pyews.server_abstractions.Configuration object at 0x00000218AB0B6290>,4,37,-0.44777747023036096,0.0008246281067840755,0.3027927927927928,0.14498467743756815
414,415,11,<pyews.server_abstractions.Configuration object at 0x00000218AB120670>,16,34,-0.4197203511747298,0.0007841024780645967,0.30058823529411766,0.11913211588061212
415,416,11,<pyews.server_abstractions.Configuration object at 0x00000218AB120670>,16,34,-0.4001125080374749,0.0010363885667175055,0.28098039215686277,0.11913211588061212
416,417,11,<pyews.server_abstractions.Configuration object at 0x00000218AB120670>,16,30,-0.32157656032505655,0.0017959271790459752,0.20244444444444445,0.11913211588061212
417,418,11,<pyews.server_abstractions.Configuration object at 0x00000218AB120670>,16,37,-0.4425555393040356,0.0012375528458505869,0.32342342342342345,0.11913211588061212
418,419,11,<pyews.server_abstractions.Configuration object at 0x00000218AB120670>,16,38,-0.45676369482798057,0.0016211869660764933,0.33763157894736845,0.11913211588061212
419,420,30,<pyews.server_abstractions.Configuration object at 0x00000218AB10F7F0>,34,36,-0.5019060693460766,0.0012607506942003965,0.3292592592592592,0.17264681008681748
420,421,30,<pyews.server_abstractions.Configuration object at 0x00000218AB10F7F0>,34,33,-0.4073942848342922,0.001965542323887348,0.23474747474747473,0.17264681008681748
421,422,30,<pyews.server_abstractions.Configuration object at 0x00000218AB10F7F0>,34,30,-0.33075792119792863,0.0011841650120913982,0.15811111111111115,0.17264681008681748
422,423,11,<pyews.server_abstractions.Configuration object at 0x00000218AB120670>,16,26,-0.28015775690625316,0.0005101609276607633,0.16102564102564104,0.11913211588061212
423,424,11,<pyews.server_abstractions.Configuration object at 0x00000218AB120670>,16,29,-0.3461436101334857,0.0004623787826858461,0.2270114942528736,0.11913211588061212
424,425,11,<pyews.server_abstractions.Configuration object at 0x00000218AB120670>,16,34,-0.36854388058649445,0.001258222502656281,0.24941176470588236,0.11913211588061212
425,426,11,<pyews.server_abstractions.Configuration object at 0x00000218AB120670>,16,37,-0.4713843681328644,0.0014606202021241188,0.35225225225225226,0.11913211588061212
426,427,11,<pyews.server_abstractions.Configuration object at 0x00000218AB120670>,16,38,-0.4600970281613138,0.0014056556392461061,0.3409649122807017,0.11913211588061212
427,428,10,<pyews.server_abstractions.Configuration object at 0x00000218AB0B6290>,4,31,-0.43487715055584775,0.0009129482205025852,0.2898924731182796,0.14498467743756815
428,429,10,<pyews.server_abstractions.Configuration object at 0x00000218AB0B6290>,4,33,-0.401853364306255,0.0008983906009234488,0.25686868686868686,0.14498467743756815
429,430,10,<pyews.server_abstractions.Configuration object at 0x00000218AB0B6290>,4,37,-0.47201170446459517,0.001641933573409915,0.327027027027027,0.14498467743756815
430,431,10,<pyews.server_abstractions.Configuration object at 0x00000218AB0B6290>,4,30,-0.3526513441042348,0.0033430273178964853,0.20766666666666664,0.14498467743756815
431,432,11,<pyews.server_abstractions.Configuration object at 0x00000218AB120670>,16,33,-0.39519272194121824,0.0004765473131556064,0.2760606060606061,0.11913211588061212
432,433,11,<pyews.server_abstractions.Configuration object at 0x00000218AB120670>,16,28,-0.2752035444520407,0.0017808631528168917,0.15607142857142858,0.11913211588061212
433,434,11,<pyews.server_abstractions.Configuration object at 0x00000218AB120670>,16,31,-0.2977342664182465,0.0019172967877238989,0.17860215053763442,0.11913211588061212
434,435,11,<pyews.server_abstractions.Configuration object at 0x00000218AB120670>,16,34,-0.40677917470414154,0.0030055074021220207,0.2876470588235294,0.11913211588061212
435,436,11,<pyews.server_abstractions.Configuration object at 0x00000218AB120670>,16,31,-0.440099857816096,0.0008100096601992846,0.3209677419354839,0.11913211588061212
436,437,30,<pyews.server_abstractions.Configuration object at 0x00000218AB10F7F0>,34,33,-0.4634548908948983,0.0024017130490392447,0.2908080808080808,0.17264681008681748
437,438,30,<pyews.server_abstractions.Configuration object at 0x00000218AB10F7F0>,34,33,-0.41598014342015077,0.005220295861363411,0.24333333333333332,0.17264681008681748
438,439,30,<pyews.server_abstractions.Configuration object at 0x00000218AB10F7F0>,34,37,-0.47742158486159225,0.0005519067635759711,0.30477477477477477,0.17264681008681748
439,440,11,<pyews.server_abstractions.Configuration object at 0x00000218AB120670>,16,35,-0.425989258737755,0.0020094129722565413,0.3068571428571429,0.11913211588061212
440,441,11,<pyews.server_abstractions.Configuration object at 0x00000218AB120670>,16,33,-0.34206140880990504,0.002663822378963232,0.22292929292929292,0.11913211588061212
441,442,11,<pyews.server_abstractions.Configuration object at 0x00000218AB120670>,16,34,-0.38756348842963173,0.0025661992840468884,0.2684313725490196,0.11913211588061212
442,443,11,<pyews.server_abstractions.Configuration object at 0x00000218AB120670>,16,36,-0.42968767143616765,0.0008545009768567979,0.31055555555555553,0.11913211588061212
443,444,10,<pyews.server_abstractions.Configuration object at 0x00000218AB0B6290>,4,33,-0.4070048794577702,0.001312212087213993,0.26202020202020204,0.14498467743756815
444,445,10,<pyews.server_abstractions.Configuration object at 0x00000218AB0B6290>,4,30,-0.34831801077090147,0.0032132507767528296,0.2033333333333333,0.14498467743756815
445,446,10,<pyews.server_abstractions.Configuration object at 0x00000218AB0B6290>,4,35,-0.4415561060089967,0.0017324902582913637,0.29657142857142854,0.14498467743756815
446,447,10,<pyews.server_abstractions.Configuration object at 0x00000218AB0B6290>,4,33,-0.3872068996597904,0.0007156804786063731,0.2422222222222222,0.14498467743756815
447,448,11,<pyews.server_abstractions.Configuration object at 0x00000218AB120670>,16,32,-0.4111112825472788,0.001031319610774517,0.2919791666666667,0.11913211588061212
448,449,11,<pyews.server_abstractions.Configuration object at 0x00000218AB120670>,16,32,-0.3298612825472788,0.0030665951780974865,0.2107291666666667,0.11913211588061212
449,450,11,<pyews.server_abstractions.Configuration object at 0x00000218AB120670>,16,33,-0.3832735300220263,0.0016146455891430378,0.2641414141414142,0.11913211588061212
450,451,30,<pyews.server_abstractions.Configuration object at 0x00000218AB10F7F0>,34,32,-0.47608431008681745,0.002180272014811635,0.30343749999999997,0.17264681008681748
451,452,30,<pyews.server_abstractions.Configuration object at 0x00000218AB10F7F0>,34,34,-0.4372546532240724,0.006261598318815231,0.26460784313725494,0.17264681008681748
452,453,11,<pyews.server_abstractions.Configuration object at 0x00000218AB120670>,16,30,-0.3891321158806121,0.0005301812198013067,0.26999999999999996,0.11913211588061212
453,454,11,<pyews.server_abstractions.Configuration object at 0x00000218AB120670>,16,36,-0.43126174551024177,0.002148101571947336,0.31212962962962965,0.11913211588061212
454,455,11,<pyews.server_abstractions.Configuration object at 0x00000218AB120670>,16,35,-0.3978940206425169,0.003549485234543681,0.27876190476190477,0.11913211588061212
455,456,11,<pyews.server_abstractions.Configuration object at 0x00000218AB120670>,16,30,-0.3474654492139455,0.00294239679351449,0.22833333333333336,0.11913211588061212
456,457,11,<pyews.server_abstractions.Configuration object at 0x00000218AB120670>,16,33,-0.32004120678970305,0.00044420489575713873,0.2009090909090909,0.11913211588061212
457,458,10,<pyews.server_abstractions.Configuration object at 0x00000218AB0B6290>,4,32,-0.3824846774375682,0.0057453252375125885,0.23750000000000002,0.14498467743756815
458,459,10,<pyews.server_abstractions.Configuration object at 0x00000218AB0B6290>,4,33,-0.39185336430625506,0.001597920199856162,0.24686868686868688,0.14498467743756815
459,460,30,<pyews.server_abstractions.Configuration object at 0x00000218AB10F7F0>,34,32,-0.41108431008681745,0.0007080288487486541,0.2384375,0.17264681008681748
460,461,11,<pyews.server_abstractions.Configuration object at 0x00000218AB120670>,16,30,-0.31490989365838984,0.001304847071878612,0.19577777777777775,0.11913211588061212
461,462,11,<pyews.server_abstractions.Configuration object at 0x00000218AB120670>,16,34,-0.4173674099982592,0.0016605895943939686,0.2982352941176471,0.11913211588061212
462,463,11,<pyews.server_abstractions.Configuration object at 0x00000218AB120670>,16,30,-0.32268767143616767,0.0017546978779137135,0.20355555555555555,0.11913211588061212
463,464,11,<pyews.server_abstractions.Configuration object at 0x00000218AB120670>,16,31,-0.3283794277085691,0.0006195747992023826,0.209247311827957,0.11913211588061212
464,465,10,<pyews.server_abstractions.Configuration object at 0x00000218AB0B6290>,4,33,-0.43336851582140656,0.0007581068202853203,0.2883838383838384,0.14498467743756815
465,466,10,<pyews.server_abstractions.Configuration object at 0x00000218AB0B6290>,4,34,-0.3875336970454113,0.0012389218900352716,0.2425490196078431,0.14498467743756815
466,467,10,<pyews.server_abstractions.Configuration object at 0x00000218AB0B6290>,4,31,-0.3362750000182133,0.001531936344690621,0.19129032258064516,0.14498467743756815
467,468,10,<pyews.server_abstractions.Configuration object at 0x00000218AB0B6290>,4,37,-0.4593990918519826,0.0012352861231192946,0.3144144144144144,0.14498467743756815
468,469,11,<pyews.server_abstractions.Configuration object at 0x00000218AB120670>,16,32,-0.3507987825472788,0.00041420868365094066,0.23166666666666666,0.11913211588061212
469,470,11,<pyews.server_abstractions.Configuration object at 0x00000218AB120670>,16,32,-0.37788211588061216,0.0041215610690414906,0.25875000000000004,0.11913211588061212
470,471,11,<pyews.server_abstractions.Configuration object at 0x00000218AB120670>,16,28,-0.3140130682615645,0.0004962278180755675,0.1948809523809524,0.11913211588061212
471,472,30,<pyews.server_abstractions.Configuration object at 0x00000218AB10F7F0>,34,33,-0.4259801434201508,0.0005875028437003493,0.2533333333333333,0.17264681008681748
472,473,10,<pyews.server_abstractions.Configuration object at 0x00000218AB0B6290>,4,35,-0.4612703917232824,0.002330726245418191,0.3162857142857142,0.14498467743756815
473,474,10,<pyews.server_abstractions.Configuration object at 0x00000218AB0B6290>,4,38,-0.42884432656037524,0.001032899133861065,0.2838596491228071,0.14498467743756815
474,475,11,<pyews.server_abstractions.Configuration object at 0x00000218AB120670>,16,32,-0.33548628254727875,0.0008452869951725006,0.21635416666666665,0.11913211588061212
475,476,11,<pyews.server_abstractions.Configuration object at 0x00000218AB120670>,16,31,-0.3812826535150207,0.0009849781636148691,0.2621505376344086,0.11913211588061212
476,477,11,<pyews.server_abstractions.Configuration object at 0x00000218AB120670>,16,33,-0.37913211588061213,0.0012612815480679274,0.26,0.11913211588061212
477,478,11,<pyews.server_abstractions.Configuration object at 0x00000218AB120670>,16,34,-0.4177595668610043,0.0011002060491591692,0.2986274509803922,0.11913211588061212
478,479,11,<pyews.server_abstractions.Configuration object at 0x00000218AB120670>,16,34,-0.40334780215512195,0.0008056691149249673,0.2842156862745098,0.11913211588061212
479,480,10,<pyews.server_abstractions.Configuration object at 0x00000218AB0B6290>,4,30,-0.35287356632645706,0.0006824167212471366,0.20788888888888887,0.14498467743756815
480,481,10,<pyews.server_abstractions.Configuration object at 0x00000218AB0B6290>,4,37,-0.47183152428441494,0.0011197697604075074,0.3268468468468468,0.14498467743756815
481,482,10,<pyews.server_abstractions.Configuration object at 0x00000218AB0B6290>,4,36,-0.4372068996597903,0.0007716575637459755,0.29222222222222216,0.14498467743756815
482,483,10,<pyews.server_abstractions.Configuration object at 0x00000218AB0B6290>,4,32,-0.3395680107709015,0.0006846969481557608,0.19458333333333333,0.14498467743756815
483,484,11,<pyews.server_abstractions.Configuration object at 0x00000218AB120670>,16,28,-0.3332987825472788,0.0009845839813351631,0.21416666666666667,0.11913211588061212
484,485,11,<pyews.server_abstractions.Configuration object at 0x00000218AB120670>,16,31,-0.340099857816096,0.0014377341140061617,0.22096774193548388,0.11913211588061212
485,486,11,<pyews.server_abstractions.Configuration object at 0x00000218AB120670>,16,30,-0.30179878254727877,0.0012250368017703295,0.18266666666666667,0.11913211588061212
486,487,11,<pyews.server_abstractions.Configuration object at 0x00000218AB120670>,16,30,-0.3335765603250566,0.0009213514858856797,0.2144444444444445,0.11913211588061212
487,488,30,<pyews.server_abstractions.Configuration object at 0x00000218AB10F7F0>,34,37,-0.4621062695462769,0.0014619079884141684,0.28945945945945944,0.17264681008681748
488,489,30,<pyews.server_abstractions.Configuration object at 0x00000218AB10F7F0>,34,31,-0.43511992836638735,0.0009715048363432288,0.2624731182795699,0.17264681008681748
489,490,10,<pyews.server_abstractions.Configuration object at 0x00000218AB0B6290>,4,31,-0.4024040322762778,0.0009667511912994087,0.25741935483870965,0.14498467743756815
490,491,11,<pyews.server_abstractions.Configuration object at 0x00000218AB120670>,16,30,-0.3482432269917233,0.0005305845406837761,0.22911111111111113,0.11913211588061212
491,492,11,<pyews.server_abstractions.Configuration object at 0x00000218AB120670>,16,29,-0.30028154116796846,0.0012560884933918715,0.1811494252873563,0.11913211588061212
492,493,11,<pyews.server_abstractions.Configuration object at 0x00000218AB120670>,16,33,-0.39701090375940007,0.0012476984411478043,0.27787878787878795,0.11913211588061212
493,494,11,<pyews.server_abstractions.Configuration object at 0x00000218AB120670>,16,36,-0.4112617455102417,0.0013782617170363665,0.2921296296296296,0.11913211588061212
494,495,11,<pyews.server_abstractions.Configuration object at 0x00000218AB120670>,16,31,-0.3252611481386766,0.0003830642090179026,0.2061290322580645,0.11913211588061212
495,496,10,<pyews.server_abstractions.Configuration object at 0x00000218AB0B6290>,4,32,-0.40029717743756815,0.0007759645814076066,0.2553125,0.14498467743756815
496,497,30,<pyews.server_abstractions.Configuration object at 0x00000218AB10F7F0>,34,32,-0.4553551434201509,0.0006529864622280002,0.2827083333333334,0.17264681008681748
497,498,30,<pyews.server_abstractions.Configuration object at 0x00000218AB10F7F0>,34,36,-0.5167208841608916,0.0010727726621553302,0.3440740740740741,0.17264681008681748
498,499,30,<pyews.server_abstractions.Configuration object at 0x00000218AB10F7F0>,34,30,-0.35909125453126195,0.0006480677984654903,0.18644444444444447,0.17264681008681748
499,500,11,<pyews.server_abstractions.Configuration object at 0x00000218AB120670>,16,31,-0.350852545988139,0.0011953356442973018,0.23172043010752688,0.11913211588061212
500,501,11,<pyews.server_abstractions.Configuration object at 0x00000218AB120670>,16,34,-0.36501446882178856,0.00133987283334136,0.24588235294117644,0.11913211588061212
501,502,11,<pyews.server_abstractions.Configuration object at 0x00000218AB120670>,16,31,-0.3150460943752358,0.0011956626549363136,0.1959139784946237,0.11913211588061212
502,503,11,<pyews.server_abstractions.Configuration object at 0x00000218AB120670>,16,33,-0.38862706537556163,0.0009183419169858098,0.2694949494949495,0.11913211588061212
503,504,10,<pyews.server_abstractions.Configuration object at 0x00000218AB0B6290>,4,32,-0.4150888441042348,0.000963953323662281,0.27010416666666665,0.14498467743756815
504,505,30,<pyews.server_abstractions.Configuration object at 0x00000218AB10F7F0>,34,30,-0.3945356989757064,0.0012030715588480234,0.2218888888888889,0.17264681008681748
505,506,30,<pyews.server_abstractions.Configuration object at 0x00000218AB10F7F0>,34,35,-0.4402658577058652,0.001234803581610322,0.2676190476190477,0.17264681008681748
506,507,30,<pyews.server_abstractions.Configuration object at 0x00000218AB10F7F0>,34,35,-0.4227420481820556,0.001210841815918684,0.2500952380952381,0.17264681008681748
507,508,11,<pyews.server_abstractions.Configuration object at 0x00000218AB120670>,16,36,-0.4386691529176492,0.0005611536907963455,0.31953703703703706,0.11913211588061212
508,509,11,<pyews.server_abstractions.Configuration object at 0x00000218AB120670>,16,30,-0.30457656032505653,0.0006760444375686347,0.18544444444444444,0.11913211588061212
509,510,11,<pyews.server_abstractions.Configuration object at 0x00000218AB120670>,16,34,-0.37638701784139644,0.0011514974758028984,0.2572549019607843,0.11913211588061212
510,511,11,<pyews.server_abstractions.Configuration object at 0x00000218AB120670>,16,30,-0.31857656032505655,0.0009680471266619861,0.19944444444444445,0.11913211588061212
511,512,11,<pyews.server_abstractions.Configuration object at 0x00000218AB120670>,16,25,-0.1905987825472788,0.0013999966904520988,0.07146666666666668,0.11913211588061212
512,513,10,<pyews.server_abstractions.Configuration object at 0x00000218AB0B6290>,4,33,-0.4097321521850429,0.0005339377094060183,0.26474747474747473,0.14498467743756815
513,514,30,<pyews.server_abstractions.Configuration object at 0x00000218AB10F7F0>,34,31,-0.42651777782875294,0.0012635861057788134,0.25387096774193546,0.17264681008681748
514,515,30,<pyews.server_abstractions.Configuration object at 0x00000218AB10F7F0>,34,32,-0.4174384767534841,0.001213157782331109,0.24479166666666666,0.17264681008681748
515,516,11,<pyews.server_abstractions.Configuration object at 0x00000218AB120670>,16,34,-0.4221713315668867,0.0005571616347879171,0.30303921568627457,0.11913211588061212
516,517,11,<pyews.server_abstractions.Configuration object at 0x00000218AB120670>,16,38,-0.4499215895648226,0.0006021770532242954,0.33078947368421047,0.11913211588061212
517,518,11,<pyews.server_abstractions.Configuration object at 0x00000218AB120670>,16,33,-0.4071119138604101,0.0009626647224649787,0.287979797979798,0.11913211588061212
518,519,11,<pyews.server_abstractions.Configuration object at 0x00000218AB120670>,16,32,-0.3331946158806121,0.0016298126429319382,0.2140625,0.11913211588061212
519,520,11,<pyews.server_abstractions.Configuration object at 0x00000218AB120670>,16,34,-0.3831517237237494,0.0006357596721500158,0.26401960784313727,0.11913211588061212
520,521,10,<pyews.server_abstractions.Configuration object at 0x00000218AB0B6290>,4,31,-0.38014596776014875,0.0011189327342435718,0.23516129032258062,0.14498467743756815
521,522,10,<pyews.server_abstractions.Configuration object at 0x00000218AB0B6290>,4,30,-0.34398467743756816,0.0006843650480732322,0.199,0.14498467743756815
522,523,30,<pyews.server_abstractions.Configuration object at 0x00000218AB10F7F0>,34,32,-0.41556347675348415,0.001381369773298502,0.24291666666666667,0.17264681008681748
523,524,30,<pyews.server_abstractions.Configuration object at 0x00000218AB10F7F0>,34,33,-0.4374952949353023,0.0010394072160124779,0.26484848484848483,0.17264681008681748
524,525,11,<pyews.server_abstractions.Configuration object at 0x00000218AB120670>,16,28,-0.3022273539758502,0.0005116321844980121,0.18309523809523812,0.11913211588061212
525,526,11,<pyews.server_abstractions.Configuration object at 0x00000218AB120670>,16,34,-0.38834780215512194,0.0008761931676417589,0.2692156862745098,0.11913211588061212
526,527,11,<pyews.server_abstractions.Configuration object at 0x00000218AB120670>,16,32,-0.3199654492139455,0.0012515787966549397,0.20083333333333336,0.11913211588061212
527,528,11,<pyews.server_abstractions.Configuration object at 0x00000218AB120670>,16,35,-0.3913225920710883,0.0011874630581587553,0.2721904761904762,0.11913211588061212
528,529,10,<pyews.server_abstractions.Configuration object at 0x00000218AB0B6290>,4,36,-0.4598920848449756,0.0008797082118690014,0.31490740740740747,0.14498467743756815
529,530,10,<pyews.server_abstractions.Configuration object at 0x00000218AB0B6290>,4,31,-0.37530725808272947,0.0018206691602244973,0.23032258064516128,0.14498467743756815
530,531,10,<pyews.server_abstractions.Configuration object at 0x00000218AB0B6290>,4,36,-0.3910957885486793,0.000738823669962585,0.24611111111111114,0.14498467743756815
531,532,11,<pyews.server_abstractions.Configuration object at 0x00000218AB120670>,16,29,-0.31717809289210636,0.0006039852742105722,0.19804597701149423,0.11913211588061212
532,533,11,<pyews.server_abstractions.Configuration object at 0x00000218AB120670>,16,31,-0.3965514707193218,0.001227263710461557,0.27741935483870966,0.11913211588061212
533,534,11,<pyews.server_abstractions.Configuration object at 0x00000218AB120670>,16,31,-0.3390245889988917,0.0020149436313658953,0.21989247311827959,0.11913211588061212
534,535,11,<pyews.server_abstractions.Configuration object at 0x00000218AB120670>,16,33,-0.35297049971899597,0.0014398663770407438,0.23383838383838385,0.11913211588061212
535,536,10,<pyews.server_abstractions.Configuration object at 0x00000218AB0B6290>,4,32,-0.3961305107709015,0.0006130830151960254,0.25114583333333335,0.14498467743756815
536,537,10,<pyews.server_abstractions.Configuration object at 0x00000218AB0B6290>,4,34,-0.38243565782972505,0.0013244189321994781,0.2374509803921569,0.14498467743756815
537,538,10,<pyews.server_abstractions.Configuration object at 0x00000218AB0B6290>,4,34,-0.37488663822188184,0.0009105114731937647,0.2299019607843137,0.14498467743756815
538,539,10,<pyews.server_abstractions.Configuration object at 0x00000218AB0B6290>,4,28,-0.30296086791375865,0.001628581783734262,0.1579761904761905,0.14498467743756815
539,540,11,<pyews.server_abstractions.Configuration object at 0x00000218AB120670>,16,28,-0.32210830635680254,0.0009352909401059151,0.20297619047619045,0.11913211588061212
540,541,11,<pyews.server_abstractions.Configuration object at 0x00000218AB120670>,16,33,-0.38024322699172325,0.0007317692507058382,0.2611111111111111,0.11913211588061212
541,542,11,<pyews.server_abstractions.Configuration object at 0x00000218AB120670>,16,36,-0.4146876714361677,0.0028928129468113184,0.29555555555555557,0.11913211588061212
542,543,11,<pyews.server_abstractions.Configuration object at 0x00000218AB120670>,16,31,-0.35074501910641853,0.0012474190443754196,0.23161290322580638,0.11913211588061212
543,544,30,<pyews.server_abstractions.Configuration object at 0x00000218AB10F7F0>,34,35,-0.5015991910391984,0.0006225421093404293,0.32895238095238094,0.17264681008681748
544,545,10,<pyews.server_abstractions.Configuration object at 0x00000218AB0B6290>,4,33,-0.4471058895587803,0.0019353582756593823,0.3021212121212121,0.14498467743756815
545,546,10,<pyews.server_abstractions.Configuration object at 0x00000218AB0B6290>,4,34,-0.4209650695944309,0.0024842277634888887,0.27598039215686276,0.14498467743756815
546,547,11,<pyews.server_abstractions.Configuration object at 0x00000218AB120670>,16,32,-0.39173628254727877,0.0007929510902613401,0.27260416666666665,0.11913211588061212
547,548,11,<pyews.server_abstractions.Configuration object at 0x00000218AB120670>,16,33,-0.3364048431533394,0.0006810396444052458,0.21727272727272728,0.11913211588061212
548,549,11,<pyews.server_abstractions.Configuration object at 0x00000218AB120670>,16,32,-0.38100711588061215,0.0030251326970756054,0.261875,0.11913211588061212
549,550,11,<pyews.server_abstractions.Configuration object at 0x00000218AB120670>,16,32,-0.4063196158806121,0.0017841734224930406,0.2871875,0.11913211588061212
550,551,30,<pyews.server_abstractions.Configuration object at 0x00000218AB10F7F0>,34,33,-0.45527307271308004,0.0005165454931557178,0.28262626262626256,0.17264681008681748
551,552,30,<pyews.server_abstractions.Configuration object at 0x00000218AB10F7F0>,34,34,-0.43578406498877825,0.001204595435410738,0.26313725490196077,0.17264681008681748
552,553,30,<pyews.server_abstractions.Configuration object at 0x00000218AB10F7F0>,34,30,-0.4069801434201508,0.002562018111348152,0.23433333333333334,0.17264681008681748
553,554,10,<pyews.server_abstractions.Configuration object at 0x00000218AB0B6290>,4,29,-0.33521456249503945,0.0013132431777194142,0.19022988505747127,0.14498467743756815
554,555,11,<pyews.server_abstractions.Configuration object at 0x00000218AB120670>,16,32,-0.39163211588061214,0.0009413617663085461,0.2725,0.11913211588061212
555,556,11,<pyews.server_abstractions.Configuration object at 0x00000218AB120670>,16,31,-0.34031491157953686,0.0009001502767205238,0.22118279569892477,0.11913211588061212
556,557,11,<pyews.server_abstractions.Configuration object at 0x00000218AB120670>,16,30,-0.2752432269917232,0.0018247771076858044,0.1561111111111111,0.11913211588061212
557,558,11,<pyews.server_abstractions.Configuration object at 0x00000218AB120670>,16,31,-0.3266589976010422,0.0007316400296986103,0.20752688172043007,0.11913211588061212
558,559,11,<pyews.server_abstractions.Configuration object at 0x00000218AB120670>,16,30,-0.3226876714361677,0.0007372504333034158,0.20355555555555557,0.11913211588061212
559,560,30,<pyews.server_abstractions.Configuration object at 0x00000218AB10F7F0>,34,32,-0.4426468100868175,0.0005090223276056349,0.27,0.17264681008681748
560,561,30,<pyews.server_abstractions.Configuration object at 0x00000218AB10F7F0>,34,32,-0.4068134767534841,0.0016725726891309023,0.23416666666666666,0.17264681008681748
561,562,30,<pyews.server_abstractions.Configuration object at 0x00000218AB10F7F0>,34,29,-0.32115255721325425,0.0011726210359483957,0.14850574712643677,0.17264681008681748
562,563,11,<pyews.server_abstractions.Configuration object at 0x00000218AB120670>,16,33,-0.3953947421432384,0.000789668585639447,0.27626262626262627,0.11913211588061212
563,564,11,<pyews.server_abstractions.Configuration object at 0x00000218AB120670>,16,30,-0.2821321158806121,0.0008238060981966555,0.16299999999999998,0.11913211588061212
564,565,11,<pyews.server_abstractions.Configuration object at 0x00000218AB120670>,16,35,-0.4334178301663264,0.001368385972455144,0.3142857142857143,0.11913211588061212
565,566,11,<pyews.server_abstractions.Configuration object at 0x00000218AB120670>,16,29,-0.31189073657026734,0.0004391383263282478,0.19275862068965519,0.11913211588061212
566,567,11,<pyews.server_abstractions.Configuration object at 0x00000218AB120670>,16,31,-0.32354071803114975,0.0004505752876866609,0.20440860215053763,0.11913211588061212
567,568,30,<pyews.server_abstractions.Configuration object at 0x00000218AB10F7F0>,34,31,-0.44630272406531213,0.0011847778223454952,0.27365591397849465,0.17264681008681748
568,569,30,<pyews.server_abstractions.Configuration object at 0x00000218AB10F7F0>,34,35,-0.4562658577058651,0.0010031911078840494,0.2836190476190476,0.17264681008681748
569,570,30,<pyews.server_abstractions.Configuration object at 0x00000218AB10F7F0>,34,34,-0.41617622185152325,0.00048662416520528495,0.2435294117647058,0.17264681008681748
570,571,11,<pyews.server_abstractions.Configuration object at 0x00000218AB120670>,16,32,-0.3547571158806121,0.0011727884411811829,0.235625,0.11913211588061212
571,572,11,<pyews.server_abstractions.Configuration object at 0x00000218AB120670>,16,35,-0.423989258737755,0.0009282325045205653,0.3048571428571429,0.11913211588061212
572,573,11,<pyews.server_abstractions.Configuration object at 0x00000218AB120670>,16,27,-0.24271236279419237,0.0006992430426180363,0.12358024691358024,0.11913211588061212
573,574,11,<pyews.server_abstractions.Configuration object at 0x00000218AB120670>,16,33,-0.37468767143616766,0.0008798077469691634,0.25555555555555554,0.11913211588061212
574,575,11,<pyews.server_abstractions.Configuration object at 0x00000218AB120670>,16,31,-0.3518202879236229,0.0008994558011181653,0.2326881720430108,0.11913211588061212
575,576,11,<pyews.server_abstractions.Configuration object at 0x00000218AB120670>,16,31,-0.3562288900741605,0.0005119848647154868,0.23709677419354838,0.11913211588061212
576,577,30,<pyews.server_abstractions.Configuration object at 0x00000218AB10F7F0>,34,30,-0.39398014342015086,0.0008759957854636014,0.22133333333333335,0.17264681008681748
577,578,30,<pyews.server_abstractions.Configuration object at 0x00000218AB10F7F0>,34,37,-0.4680522154922229,0.0014042539987713099,0.29540540540540544,0.17264681008681748
578,579,11,<pyews.server_abstractions.Configuration object at 0x00000218AB120670>,16,33,-0.4007482774967737,0.0007310623768717051,0.2816161616161616,0.11913211588061212
579,580,11,<pyews.server_abstractions.Configuration object at 0x00000218AB120670>,16,28,-0.27853687778537406,0.0006667120615020394,0.1594047619047619,0.11913211588061212
580,581,11,<pyews.server_abstractions.Configuration object at 0x00000218AB120670>,16,32,-0.35288211588061213,0.0006805560551583767,0.23374999999999999,0.11913211588061212
581,582,11,<pyews.server_abstractions.Configuration object at 0x00000218AB120670>,16,33,-0.3749907017391979,0.00066968216560781,0.2558585858585858,0.11913211588061212
582,583,10,<pyews.server_abstractions.Configuration object at 0x00000218AB0B6290>,4,31,-0.3728341398031595,0.0012791866902261972,0.22784946236559137,0.14498467743756815
583,584,11,<pyews.server_abstractions.Configuration object at 0x00000218AB120670>,16,28,-0.31615592540442167,0.0008483655983582139,0.19702380952380955,0.11913211588061212
584,585,11,<pyews.server_abstractions.Configuration object at 0x00000218AB120670>,16,36,-0.3919098936583899,0.0007637811359018087,0.2727777777777778,0.11913211588061212
585,586,11,<pyews.server_abstractions.Configuration object at 0x00000218AB120670>,16,30,-0.28979878254727875,0.0006992965936660767,0.17066666666666663,0.11913211588061212
586,587,11,<pyews.server_abstractions.Configuration object at 0x00000218AB120670>,16,27,-0.2799963134114763,0.002234474290162325,0.16086419753086417,0.11913211588061212
587,588,11,<pyews.server_abstractions.Configuration object at 0x00000218AB120670>,16,34,-0.47109290019433764,0.0009670266881585121,0.3519607843137255,0.11913211588061212
588,589,11,<pyews.server_abstractions.Configuration object at 0x00000218AB120670>,16,26,-0.22938852613702237,0.001177262281998992,0.11025641025641025,0.11913211588061212
589,590,11,<pyews.server_abstractions.Configuration object at 0x00000218AB120670>,16,30,-0.3065765603250566,0.0014482771512120962,0.18744444444444447,0.11913211588061212
590,591,11,<pyews.server_abstractions.Configuration object at 0x00000218AB120670>,16,33,-0.366000802749299,0.0008913620258681476,0.24686868686868688,0.11913211588061212
591,592,11,<pyews.server_abstractions.Configuration object at 0x00000218AB120670>,16,32,-0.3848612825472788,0.0007920683128759265,0.2657291666666667,0.11913211588061212
592,593,11,<pyews.server_abstractions.Configuration object at 0x00000218AB120670>,16,33,-0.3879199946684909,0.0006029692594893277,0.2687878787878788,0.11913211588061212
593,594,11,<pyews.server_abstractions.Configuration object at 0x00000218AB120670>,16,31,-0.3332181373859884,0.0005756876198574901,0.21408602150537628,0.11913211588061212
594,595,11,<pyews.server_abstractions.Configuration object at 0x00000218AB120670>,16,30,-0.3247987825472788,0.0008928903844207525,0.20566666666666664,0.11913211588061212
595,596,11,<pyews.server_abstractions.Configuration object at 0x00000218AB120670>,16,38,-0.4791321158806121,0.0015890924260020256,0.36,0.11913211588061212
596,597,11,<pyews.server_abstractions.Configuration object at 0x00000218AB120670>,16,35,-0.398084496832993,0.00044379846076481044,0.2789523809523809,0.11913211588061212
597,598,11,<pyews.server_abstractions.Configuration object at 0x00000218AB120670>,16,33,-0.40953615628465256,0.0009096749126911163,0.29040404040404044,0.11913211588061212
598,599,11,<pyews.server_abstractions.Configuration object at 0x00000218AB120670>,16,29,-0.2963734951909569,0.001151375938206911,0.1772413793103448,0.11913211588061212
599,600,11,<pyews.server_abstractions.Configuration object at 0x00000218AB120670>,16,27,-0.2560456961275257,0.0006451865774579346,0.13691358024691358,0.11913211588061212
