{
    "real2abstract": {
        "addr": "infoslot04", 
        "name": "name", 
        "area": "slot01", 
        "food": "slot02", 
        "phone": "infoslot03", 
        "pricerange": "slot00", 
        "postcode": "infoslot01", 
        "signature": "infoslot00", 
        "type": "type", 
        "description": "infoslot02"
    }, 
    "abstract2real": {
        "slot02": "food", 
        "slot00": "pricerange", 
        "slot01": "area", 
        "name": "name", 
        "infoslot02": "description", 
        "infoslot03": "phone", 
        "infoslot00": "signature", 
        "infoslot01": "postcode", 
        "infoslot04": "addr", 
        "type": "type"
    }
}