{
    "real2abstract": {
        "warranty": "slot07", 
        "family": "slot05", 
        "battery": "infoslot01", 
        "pricerange": "slot01", 
        "batteryrating": "slot00", 
        "utility": "slot08", 
        "weight": "infoslot05", 
        "display": "infoslot02", 
        "platform": "slot06", 
        "driverange": "slot04", 
        "graphadaptor": "infoslot04", 
        "type": "type", 
        "price": "infoslot08", 
        "sysmemory": "slot10", 
        "name": "name", 
        "isforbusinesscomputing": "slot03", 
        "drive": "infoslot00", 
        "dimension": "infoslot06", 
        "processorclass": "slot09", 
        "design": "infoslot03", 
        "weightrange": "slot02", 
        "processor": "infoslot07"
    }, 
    "abstract2real": {
        "slot02": "weightrange", 
        "slot03": "isforbusinesscomputing", 
        "slot00": "batteryrating", 
        "slot01": "pricerange", 
        "slot06": "platform", 
        "slot07": "warranty", 
        "slot04": "driverange", 
        "slot05": "family", 
        "slot08": "utility", 
        "slot09": "processorclass", 
        "type": "type", 
        "slot10": "sysmemory", 
        "infoslot08": "price", 
        "name": "name", 
        "infoslot02": "display", 
        "infoslot03": "design", 
        "infoslot00": "drive", 
        "infoslot01": "battery", 
        "infoslot06": "dimension", 
        "infoslot07": "processor", 
        "infoslot04": "graphadaptor", 
        "infoslot05": "weight"
    }
}