{
   "discourseAct":[
      "ack",
      "hello",
      "none",
      "repeat",
      "silence",
      "thankyou"
   ],
   "informable":{
      "kind":[
         "guesthouse",
         "hotel"
      ],
      "name":[
         "a and b guest house",
         "acorn guest house",
         "alexander bed and breakfast",
         "allenbell",
         "alpha-milton guest house",
         "arbury lodge guesthouse",
         "archway house",
         "ashley hotel",
         "autumn house",
         "avalon",
         "aylesbray lodge guest house",
         "bridge guest house",
         "carolina bed and breakfast",
         "city centre north b and b",
         "cityroomz",
         "el shaddai",
         "express by holiday inn cambridge",
         "finches bed and breakfast",
         "gonville hotel",
         "hamilton lodge",
         "hobsons house",
         "home from home",
         "huntingdon marriott hotel",
         "kirkwood house",
         "leverton house",
         "limehouse",
         "lovell lodge",
         "rosa's bed and breakfast",
         "the cambridge belfry",
         "the lensfield hotel",
         "university arms hotel",
         "warkworth house",
         "worth house"
      ],
      "area":[
            "centre", 
            "north", 
            "west", 
            "south", 
            "east"
      ],
      "hasparking":[
         "0",
         "1"
      ],
      "pricerange":[
         "moderate",
         "cheap",
         "expensive"
      ],
      "stars":[
         "4",
         "3",
         "2",
         "0"
      ]   
    },
   "requestable":[
      "name",
      "pricerange",
      "kind",
      "area",
      "phone",
      "price",
      "addr",
      "postcode",
      "stars",
      "hasinternet",
      "hasparking"
   ],
   "system_requestable":[
      "pricerange",
      "kind",
      "area",
      "stars",
      "hasparking"
   ],
   "type":"placetostay",
   "method":[
      "none",
      "byconstraints",
      "byname",
      "finished",
      "byalternatives",
      "restart"
   ]
}
