{
   "discourseAct":[
      "ack",
      "hello",
      "none",
      "repeat",
      "silence",
      "thankyou"
   ],
   "informable":{
      "transtype":[
         "airport",
         "trainstation",
         "busstation"
      ],
      "name":[
         "cambridge airport",
         "cambridge train station",
         "heathrow airport",
         "london stansted airport",
         "stagecoach bus station"
      ],
      "area":[
            "centre", 
            "north", 
            "west", 
            "south", 
            "east"
      ]
   },
   "requestable":[
      "name",
      "area",
      "transtype",
      "addr",
      "phone",
      "postcode"
   ],
   "system_requestable":[
      "area",
      "transtype"
   ],
   "type":"transport",
   "method":[
      "none",
      "byconstraints",
      "byname",
      "finished",
      "byalternatives",
      "restart"
   ]
}
