{
   "discourseAct":[
      "ack",
      "hello",
      "none",
      "repeat",
      "silence",
      "thankyou"
   ],
   "informable":{
      "screensizerange":[
         "large",
         "medium",
         "small"
      ],
      "usb":[
         "1",
         "0"
      ],
      "hdmi":[
         "4",
         "3",
         "2",
         "1"
      ],
      "eco":[
         "aplus",
         "aplusplus",
         "b",
         "a",
         "c"
      ],
      "series":[
         "t5",
         "l6",
         "l7",
         "l5",
         "l2",
         "l1",
         "l9",
         "w3",
         "w2",
         "w1",
         "d1",
         "e2"
      ],
      "pricerange":[
         "cheap"
      ],
      "name":[
         "48t5445dg",
         "48t5435dg",
         "40t5435dg",
         "40t5445dg",
         "47l6453dg",
         "47l6463dg",
         "42l6453dg",
         "42l6463dg",
         "32l6453dg",
         "32l6463dg",
         "42l7453dg",
         "42l7463dg",
         "47l7463dg",
         "47l7453dg",
         "55l7463dg",
         "55l7453dg",
         "55l5447dg",
         "55l5445dg",
         "40l5443dg",
         "40l5435dg",
         "48l5443dg",
         "48l5435dg",
         "48l5445dg",
         "48l5453db",
         "50l2556db",
         "50l2546dg",
         "40l2546dg",
         "40l2556db",
         "40l2456dg",
         "50l2456dg",
         "40l2444dg",
         "32l2433dg",
         "40l2433dg",
         "40l2453dg",
         "32l2453dg",
         "32l2444dg",
         "40l2454dg",
         "32l2434dg",
         "32l2454dg",
         "40l2434dg",
         "32l2443dg",
         "40l2443dg",
         "32l1544dg",
         "32l1533dg",
         "40l1534dg",
         "40l1531dg",
         "40l1533dg",
         "48l1533dg",
         "40l1544dg",
         "48l1531dg",
         "40l1541dg",
         "32l1543dg",
         "40l1543dg",
         "40l1533db",
         "48l1433dg",
         "48l1433db",
         "48l1443dg",
         "40l1433dg",
         "65l9363dg",
         "84l9363dg",
         "58l9363dg",
         "32w3454db",
         "32w3443dg",
         "32w3433dg",
         "32w3453db",
         "32w2431dg",
         "32w2444dg",
         "32w2443dg",
         "32w2433dg",
         "32w2434dg",
         "32w2454dg",
         "32w2453dg",
         "32w1534dg",
         "32w1533dg",
         "32w1533db",
         "24w1534dg",
         "24w1543dg",
         "32w1543dg",
         "32w1544dg",
         "24w1544dg",
         "32w1541dg",
         "24w1533dg",
         "24w1433dg",
         "24w1434dg",
         "32w1434dg",
         "32w1433dg",
         "24d1534db",
         "24d1533dg",
         "24d1534dg",
         "24d1543dg",
         "24d1544dg",
         "32e2543dg",
         "32e2533dg",
         "32e2533db"
      ]
   },
   "requestable":[
      "screensize",
      "price",
      "audio",
      "accessories",
      "power",
      "cabinet",
      "pixels",
      "pricerange",
      "eco",
      "name",
      "screensizerange",
      "hdmi",
      "usb",
      "series"
   ],
   "system_requestable":[
      "pricerange",
      "eco",
      "screensizerange",
      "hdmi",
      "usb",
      "series"
   ],
   "type":"television",
   "method":[
      "none",
      "byconstraints",
      "byname",
      "finished",
      "byalternatives",
      "restart"
   ]
}
