,episodes,chosen_conf_index,chosen_conf,chosen_conf_index_in_labels,number_of_requests,policy1,policy2,loss_q1,loss_q2,loss_w1,loss_w2,avg_response_time,cost
0,1,0,<pyews.server_abstractions.Configuration object at 0x000002A62306EEC0>,3,37,0,1,,,,,2.0,2.0
1,2,30,<pyews.server_abstractions.Configuration object at 0x000002A62310CB80>,32,35,1,0,,,,,2.0,2.0
2,3,13,<pyews.server_abstractions.Configuration object at 0x000002A6230F8B80>,26,33,0,1,,,,,2.0,2.0
3,4,41,<pyews.server_abstractions.Configuration object at 0x000002A6230DB700>,19,38,0,1,,,,,2.0,2.0
4,5,11,<pyews.server_abstractions.Configuration object at 0x000002A623125960>,38,30,0,1,,,,,2.0,2.0
5,6,19,<pyews.server_abstractions.Configuration object at 0x000002A6230EC0A0>,20,29,0,1,,,,,2.0,2.0
6,7,35,<pyews.server_abstractions.Configuration object at 0x000002A6230B9D80>,6,36,0,1,,,,,2.0,2.0
7,8,7,<pyews.server_abstractions.Configuration object at 0x000002A6230FADA0>,29,38,1,0,,,,,2.0,2.0
8,9,6,<pyews.server_abstractions.Configuration object at 0x000002A6230D8DC0>,15,38,1,0,,,,,2.0,2.0
9,10,3,<pyews.server_abstractions.Configuration object at 0x000002A6230DAC20>,18,40,1,0,,,,,2.0,2.0
10,11,26,<pyews.server_abstractions.Configuration object at 0x000002A6230C66E0>,12,39,0,1,,,,,2.0,2.0
11,12,29,<pyews.server_abstractions.Configuration object at 0x000002A6230D9960>,16,38,0,1,,,,,2.0,2.0
12,13,40,<pyews.server_abstractions.Configuration object at 0x000002A62310FE20>,36,36,0,1,,,,,2.0,2.0
13,14,3,<pyews.server_abstractions.Configuration object at 0x000002A6230DAC20>,18,38,1,0,,,,,2.0,2.0
14,15,22,<pyews.server_abstractions.Configuration object at 0x000002A6230EF1C0>,24,37,1,0,,,,,2.0,2.0
15,16,12,<pyews.server_abstractions.Configuration object at 0x000002A6230FB700>,30,38,0,1,,,,,2.0,2.0
16,17,22,<pyews.server_abstractions.Configuration object at 0x000002A6230EF1C0>,24,36,1,0,,,,,2.0,2.0
17,18,0,<pyews.server_abstractions.Configuration object at 0x000002A62306EEC0>,3,38,0,1,,,,,2.0,2.0
18,19,11,<pyews.server_abstractions.Configuration object at 0x000002A623125960>,38,36,0,1,,,,,2.0,2.0
19,20,25,<pyews.server_abstractions.Configuration object at 0x000002A6230F98A0>,27,39,1,0,,,,,2.0,2.0
20,21,36,<pyews.server_abstractions.Configuration object at 0x000002A62306F700>,2,39,1,0,,,,,2.0,2.0
21,22,27,<pyews.server_abstractions.Configuration object at 0x000002A623124B20>,37,36,0,1,,,,,0.30842592592592594,0.308151228202052
22,23,4,<pyews.server_abstractions.Configuration object at 0x000002A6230EFF40>,25,38,1,0,,,,,2.0,2.0
23,24,0,<pyews.server_abstractions.Configuration object at 0x000002A62306EEC0>,3,37,1,0,,,,,2.0,2.0
24,25,33,<pyews.server_abstractions.Configuration object at 0x000002A6230ECB80>,21,39,0,1,,,,,2.0,2.0
25,26,33,<pyews.server_abstractions.Configuration object at 0x000002A6230ECB80>,21,36,0,1,,,,,2.0,2.0
26,27,41,<pyews.server_abstractions.Configuration object at 0x000002A6230DB700>,19,39,0,1,,,,,2.0,2.0
27,28,12,<pyews.server_abstractions.Configuration object at 0x000002A6230FB700>,30,38,1,0,,,,,2.0,2.0
28,29,33,<pyews.server_abstractions.Configuration object at 0x000002A6230ECB80>,21,36,0,1,,,,,2.0,2.0
29,30,32,<pyews.server_abstractions.Configuration object at 0x000002A62310D660>,33,31,1,0,,,,,0.251505376344086,0.26437782470823623
30,31,6,<pyews.server_abstractions.Configuration object at 0x000002A6230D8DC0>,15,37,1,0,,,,,2.0,2.0
31,32,18,<pyews.server_abstractions.Configuration object at 0x000002A6230DA2C0>,17,43,0,1,,,,,2.0,2.0
32,33,20,<pyews.server_abstractions.Configuration object at 0x000002A62306FFA0>,0,36,0,1,,,,,2.0,2.0
33,34,31,<pyews.server_abstractions.Configuration object at 0x000002A6230BAAA0>,7,37,1,0,,,,,2.0,2.0
34,35,33,<pyews.server_abstractions.Configuration object at 0x000002A6230ECB80>,21,39,0,1,,,,,2.0,2.0
35,36,32,<pyews.server_abstractions.Configuration object at 0x000002A62310D660>,33,30,0,1,,,,,0.23066666666666666,0.26437782470823623
36,37,16,<pyews.server_abstractions.Configuration object at 0x000002A6230B87C0>,4,38,0,1,,,,,2.0,2.0
37,38,24,<pyews.server_abstractions.Configuration object at 0x000002A6230C40A0>,9,37,0,1,,,,,2.0,2.0
38,39,26,<pyews.server_abstractions.Configuration object at 0x000002A6230C66E0>,12,36,0,1,,,,,2.0,2.0
39,40,19,<pyews.server_abstractions.Configuration object at 0x000002A6230EC0A0>,20,33,0,1,,,,,2.0,2.0
40,41,29,<pyews.server_abstractions.Configuration object at 0x000002A6230D9960>,16,41,0,1,,,,,2.0,2.0
41,42,33,<pyews.server_abstractions.Configuration object at 0x000002A6230ECB80>,21,36,0,1,,,,,2.0,2.0
42,43,33,<pyews.server_abstractions.Configuration object at 0x000002A6230ECB80>,21,37,0,1,,,,,2.0,2.0
43,44,33,<pyews.server_abstractions.Configuration object at 0x000002A6230ECB80>,21,36,0,1,,,,,2.0,2.0
44,45,15,<pyews.server_abstractions.Configuration object at 0x000002A6231272E0>,40,30,0,1,,,,,0.2154444444444444,0.1854343365664084
45,46,21,<pyews.server_abstractions.Configuration object at 0x000002A6230C5AE0>,11,38,0,1,,,,,2.0,2.0
46,47,40,<pyews.server_abstractions.Configuration object at 0x000002A62310FE20>,36,34,1,0,,,,,2.0,2.0
47,48,31,<pyews.server_abstractions.Configuration object at 0x000002A6230BAAA0>,7,39,1,0,,,,,2.0,2.0
48,49,33,<pyews.server_abstractions.Configuration object at 0x000002A6230ECB80>,21,38,0,1,,,,,2.0,2.0
49,50,30,<pyews.server_abstractions.Configuration object at 0x000002A62310CB80>,32,29,1,0,,,,,2.0,2.0
50,51,23,<pyews.server_abstractions.Configuration object at 0x000002A62310EFE0>,35,35,1,0,,,,,2.0,2.0
51,52,20,<pyews.server_abstractions.Configuration object at 0x000002A62306FFA0>,0,39,0,1,,,,,2.0,2.0
52,53,33,<pyews.server_abstractions.Configuration object at 0x000002A6230ECB80>,21,38,0,1,,,,,2.0,2.0
53,54,36,<pyews.server_abstractions.Configuration object at 0x000002A62306F700>,2,37,0,1,,,,,2.0,2.0
54,55,33,<pyews.server_abstractions.Configuration object at 0x000002A6230ECB80>,21,38,0,1,,,,,2.0,2.0
55,56,30,<pyews.server_abstractions.Configuration object at 0x000002A62310CB80>,32,34,1,0,,,,,2.0,2.0
56,57,33,<pyews.server_abstractions.Configuration object at 0x000002A6230ECB80>,21,39,0,1,,,,,2.0,2.0
57,58,33,<pyews.server_abstractions.Configuration object at 0x000002A6230ECB80>,21,36,0,1,,,,,2.0,2.0
58,59,5,<pyews.server_abstractions.Configuration object at 0x000002A6230ED9C0>,22,39,1,0,,,,,2.0,2.0
59,60,22,<pyews.server_abstractions.Configuration object at 0x000002A6230EF1C0>,24,36,0,1,,,,,2.0,2.0
60,61,11,<pyews.server_abstractions.Configuration object at 0x000002A623125960>,38,31,0,1,,,,,2.0,2.0
61,62,36,<pyews.server_abstractions.Configuration object at 0x000002A62306F700>,2,37,0,1,,,,,2.0,2.0
62,63,38,<pyews.server_abstractions.Configuration object at 0x000002A623126620>,39,30,0,1,,,,,0.22844444444444448,0.3054506676452877
63,64,30,<pyews.server_abstractions.Configuration object at 0x000002A62310CB80>,32,33,1,0,,,,,2.0,2.0
64,65,39,<pyews.server_abstractions.Configuration object at 0x000002A62310C220>,31,37,1,0,6.492629528045654,3.1947505474090576,,,2.0,2.0
65,66,28,<pyews.server_abstractions.Configuration object at 0x000002A6230D80A0>,14,29,0,1,220229.75,237411.703125,,,2.0,2.0
66,67,33,<pyews.server_abstractions.Configuration object at 0x000002A6230ECB80>,21,37,1,0,377.355712890625,59.24327850341797,,,2.0,2.0
67,68,38,<pyews.server_abstractions.Configuration object at 0x000002A623126620>,39,29,0,1,1.8657658100128174,7.087705612182617,,,0.1879310344827586,0.3054506676452877
68,69,18,<pyews.server_abstractions.Configuration object at 0x000002A6230DA2C0>,17,39,0,1,20.110225677490234,325.9398193359375,,,2.0,2.0
69,70,40,<pyews.server_abstractions.Configuration object at 0x000002A62310FE20>,36,28,0,1,11.761022567749023,19.179624557495117,,,2.0,2.0
70,71,32,<pyews.server_abstractions.Configuration object at 0x000002A62310D660>,33,35,0,1,1.7968275547027588,91.71685028076172,,,0.29123809523809524,0.26437782470823623
71,72,29,<pyews.server_abstractions.Configuration object at 0x000002A6230D9960>,16,39,1,0,1.1655569076538086,12.526851654052734,,,2.0,2.0
72,73,4,<pyews.server_abstractions.Configuration object at 0x000002A6230EFF40>,25,37,0,1,1.7757010459899902,13.563627243041992,,,2.0,2.0
73,74,24,<pyews.server_abstractions.Configuration object at 0x000002A6230C40A0>,9,38,0,1,0.5696220993995667,0.729576587677002,,,2.0,2.0
74,75,24,<pyews.server_abstractions.Configuration object at 0x000002A6230C40A0>,9,39,0,1,0.37135446071624756,3.8044753074645996,,,2.0,2.0
75,76,4,<pyews.server_abstractions.Configuration object at 0x000002A6230EFF40>,25,37,0,1,0.10991203784942627,4.263205528259277,,,2.0,2.0
76,77,17,<pyews.server_abstractions.Configuration object at 0x000002A6230C4EE0>,10,39,1,0,0.2579079866409302,0.7740607261657715,,,2.0,2.0
77,78,38,<pyews.server_abstractions.Configuration object at 0x000002A623126620>,39,28,0,1,0.1105298325419426,0.32515183091163635,,,0.15976190476190477,0.3054506676452877
78,79,9,<pyews.server_abstractions.Configuration object at 0x000002A62310E320>,34,35,1,0,0.180068701505661,1.1550027132034302,,,0.26961904761904765,0.17264681008681748
79,80,23,<pyews.server_abstractions.Configuration object at 0x000002A62310EFE0>,35,31,0,1,0.051267124712467194,1.2950403690338135,,,2.0,2.0
80,81,15,<pyews.server_abstractions.Configuration object at 0x000002A6231272E0>,40,37,0,1,0.01978650689125061,1.1722866296768188,,,0.3001801801801802,0.1854343365664084
81,82,11,<pyews.server_abstractions.Configuration object at 0x000002A623125960>,38,34,0,1,0.03928416967391968,0.6027642488479614,,,2.0,2.0
82,83,15,<pyews.server_abstractions.Configuration object at 0x000002A6231272E0>,40,32,0,1,0.03974965214729309,0.2713015675544739,,,0.2822916666666667,0.1854343365664084
83,84,34,<pyews.server_abstractions.Configuration object at 0x000002A6230B92A0>,5,37,1,0,0.05055876076221466,0.38606417179107666,,,2.0,2.0
84,85,1,<pyews.server_abstractions.Configuration object at 0x000002A6230BB580>,8,32,0,1,0.17232072353363037,1.1515045166015625,,,0.27052083333333327,0.26912595698583663
85,86,1,<pyews.server_abstractions.Configuration object at 0x000002A6230BB580>,8,30,0,1,0.04068288207054138,0.1871694177389145,,,0.19944444444444445,0.26912595698583663
86,87,31,<pyews.server_abstractions.Configuration object at 0x000002A6230BAAA0>,7,38,0,1,0.0679619312286377,0.15925291180610657,,,2.0,2.0
87,88,9,<pyews.server_abstractions.Configuration object at 0x000002A62310E320>,34,29,0,1,0.08956591784954071,0.17069368064403534,,,0.1735632183908046,0.17264681008681748
88,89,9,<pyews.server_abstractions.Configuration object at 0x000002A62310E320>,34,36,0,1,0.04677983745932579,0.3761315643787384,,,0.2791666666666666,0.17264681008681748
89,90,33,<pyews.server_abstractions.Configuration object at 0x000002A6230ECB80>,21,38,0,1,0.04844168201088905,0.4826889932155609,,,2.0,2.0
90,91,9,<pyews.server_abstractions.Configuration object at 0x000002A62310E320>,34,29,0,1,0.026707781478762627,0.2806205451488495,,,0.17517241379310347,0.17264681008681748
91,92,17,<pyews.server_abstractions.Configuration object at 0x000002A6230C4EE0>,10,38,1,0,0.03134383261203766,0.22792041301727295,,,2.0,2.0
92,93,38,<pyews.server_abstractions.Configuration object at 0x000002A623126620>,39,33,0,1,0.03812887519598007,0.11737903207540512,,,0.24757575757575756,0.3054506676452877
93,94,24,<pyews.server_abstractions.Configuration object at 0x000002A6230C40A0>,9,39,0,1,0.015889624133706093,0.1463840901851654,,,2.0,2.0
94,95,38,<pyews.server_abstractions.Configuration object at 0x000002A623126620>,39,32,0,1,0.05287085473537445,0.29416167736053467,,,0.3330208333333334,0.3054506676452877
95,96,38,<pyews.server_abstractions.Configuration object at 0x000002A623126620>,39,35,0,1,0.0648123249411583,0.20942240953445435,,,0.29447619047619045,0.3054506676452877
96,97,38,<pyews.server_abstractions.Configuration object at 0x000002A623126620>,39,30,0,1,0.06328672170639038,0.09503699839115143,,,0.187,0.3054506676452877
97,98,32,<pyews.server_abstractions.Configuration object at 0x000002A62310D660>,33,31,0,1,0.0486333929002285,0.07125835120677948,,,0.2509677419354838,0.26437782470823623
98,99,14,<pyews.server_abstractions.Configuration object at 0x000002A6230EE5C0>,23,37,1,0,0.02425958588719368,0.07693415135145187,,,2.0,2.0
99,100,1,<pyews.server_abstractions.Configuration object at 0x000002A6230BB580>,8,29,0,1,0.10525979101657867,0.17220085859298706,,,0.17195402298850573,0.26912595698583663
100,101,1,<pyews.server_abstractions.Configuration object at 0x000002A6230BB580>,8,31,0,1,0.21543261408805847,0.14493712782859802,,,0.20763440860215052,0.26912595698583663
101,102,1,<pyews.server_abstractions.Configuration object at 0x000002A6230BB580>,8,38,0,1,0.11841600388288498,0.07188455760478973,,,0.30929824561403507,0.26912595698583663
102,103,2,<pyews.server_abstractions.Configuration object at 0x000002A6230C7460>,13,36,1,0,0.16450093686580658,0.0850399062037468,,,2.0,2.0
103,104,37,<pyews.server_abstractions.Configuration object at 0x000002A6230FA440>,28,37,0,1,0.13340994715690613,0.23053571581840515,,,2.0,2.0
104,105,10,<pyews.server_abstractions.Configuration object at 0x000002A62306FF40>,1,36,1,0,0.31161174178123474,0.17665648460388184,,,2.0,2.0
105,106,4,<pyews.server_abstractions.Configuration object at 0x000002A6230EFF40>,25,36,0,1,0.2247498780488968,0.10509517788887024,,,2.0,2.0
106,107,8,<pyews.server_abstractions.Configuration object at 0x000002A623138160>,41,30,1,0,0.10365240275859833,0.09235530346632004,,,0.2572222222222222,0.002642963059537262
107,108,30,<pyews.server_abstractions.Configuration object at 0x000002A62310CB80>,32,33,0,1,0.13065341114997864,0.04785435274243355,,,2.0,2.0
108,109,8,<pyews.server_abstractions.Configuration object at 0x000002A623138160>,41,29,0,1,0.05707669258117676,0.0700649693608284,,,0.2003448275862069,0.002642963059537262
109,110,8,<pyews.server_abstractions.Configuration object at 0x000002A623138160>,41,28,0,1,0.028255123645067215,0.05567384883761406,,,0.12583333333333332,0.002642963059537262
110,111,37,<pyews.server_abstractions.Configuration object at 0x000002A6230FA440>,28,38,1,0,0.033467743545770645,0.03962545841932297,,,2.0,2.0
111,112,8,<pyews.server_abstractions.Configuration object at 0x000002A623138160>,41,32,0,1,0.07327738404273987,0.0237115528434515,,,0.24312499999999998,0.002642963059537262
112,113,9,<pyews.server_abstractions.Configuration object at 0x000002A62310E320>,34,35,0,1,0.10512229055166245,0.044875770807266235,,,0.27457142857142863,0.17264681008681748
113,114,9,<pyews.server_abstractions.Configuration object at 0x000002A62310E320>,34,33,0,1,0.08116405457258224,0.02349058724939823,,,0.21969696969696972,0.17264681008681748
114,115,1,<pyews.server_abstractions.Configuration object at 0x000002A6230BB580>,8,32,0,1,0.07809950411319733,0.025196127593517303,,,0.24677083333333333,0.26912595698583663
115,116,17,<pyews.server_abstractions.Configuration object at 0x000002A6230C4EE0>,10,37,0,1,0.06869226694107056,0.013475137762725353,,,2.0,2.0
116,117,1,<pyews.server_abstractions.Configuration object at 0x000002A6230BB580>,8,31,1,0,0.06831420958042145,0.03317679464817047,,,0.2436559139784946,0.26912595698583663
117,118,9,<pyews.server_abstractions.Configuration object at 0x000002A62310E320>,34,32,1,0,0.06939362734556198,0.01532850880175829,,,0.2384375,0.17264681008681748
118,119,8,<pyews.server_abstractions.Configuration object at 0x000002A623138160>,41,33,0,1,0.1110881119966507,0.015458165667951107,,,0.3176767676767677,0.002642963059537262
119,120,6,<pyews.server_abstractions.Configuration object at 0x000002A6230D8DC0>,15,38,0,1,0.21142512559890747,0.015201078727841377,,,2.0,2.0
120,121,8,<pyews.server_abstractions.Configuration object at 0x000002A623138160>,41,35,0,1,0.1014602854847908,0.020077165216207504,,,0.292095238095238,0.002642963059537262
121,122,19,<pyews.server_abstractions.Configuration object at 0x000002A6230EC0A0>,20,32,0,1,0.08496640622615814,0.013038937002420425,,,2.0,2.0
122,123,9,<pyews.server_abstractions.Configuration object at 0x000002A62310E320>,34,33,1,0,0.023577384650707245,0.028163962066173553,,,0.28050505050505053,0.17264681008681748
123,124,9,<pyews.server_abstractions.Configuration object at 0x000002A62310E320>,34,37,1,0,0.011554501950740814,0.009949889034032822,,,0.2999099099099099,0.17264681008681748
124,125,28,<pyews.server_abstractions.Configuration object at 0x000002A6230D80A0>,14,36,0,1,0.030122481286525726,0.010334084741771221,,,2.0,2.0
125,126,8,<pyews.server_abstractions.Configuration object at 0x000002A623138160>,41,31,0,1,0.008538564667105675,0.011714544147253036,,,0.22688172043010751,0.002642963059537262
126,127,38,<pyews.server_abstractions.Configuration object at 0x000002A623126620>,39,32,1,0,0.009943887591362,0.005296084098517895,,,0.31052083333333336,0.3054506676452877
127,128,9,<pyews.server_abstractions.Configuration object at 0x000002A62310E320>,34,29,0,1,0.011849449947476387,0.030226314440369606,,,0.17402298850574713,0.17264681008681748
128,129,10,<pyews.server_abstractions.Configuration object at 0x000002A62306FF40>,1,37,0,1,0.029992714524269104,0.009122936055064201,1.6851541317919327e-07,,2.0,2.0
129,130,9,<pyews.server_abstractions.Configuration object at 0x000002A62310E320>,34,33,0,1,0.10235659778118134,0.03662290796637535,,,0.29404040404040405,0.17264681008681748
130,131,27,<pyews.server_abstractions.Configuration object at 0x000002A623124B20>,37,35,0,1,0.05741870030760765,0.04210299998521805,,,0.32190476190476186,0.308151228202052
131,132,8,<pyews.server_abstractions.Configuration object at 0x000002A623138160>,41,32,1,0,0.06133361905813217,0.019802212715148926,,,0.2690625,0.002642963059537262
132,133,9,<pyews.server_abstractions.Configuration object at 0x000002A62310E320>,34,31,0,1,0.049717724323272705,0.013512206263840199,,,0.2726881720430108,0.17264681008681748
133,134,15,<pyews.server_abstractions.Configuration object at 0x000002A6231272E0>,40,31,0,1,0.01845381036400795,0.04311114549636841,,,0.2363440860215054,0.1854343365664084
134,135,15,<pyews.server_abstractions.Configuration object at 0x000002A6231272E0>,40,35,0,1,0.025015737861394882,0.033885449171066284,,,0.2784761904761905,0.1854343365664084
135,136,15,<pyews.server_abstractions.Configuration object at 0x000002A6231272E0>,40,30,0,1,0.039853595197200775,0.03461909294128418,,,0.17922222222222223,0.1854343365664084
136,137,32,<pyews.server_abstractions.Configuration object at 0x000002A62310D660>,33,33,1,0,0.057793207466602325,0.048768192529678345,,,0.22292929292929295,0.26437782470823623
137,138,8,<pyews.server_abstractions.Configuration object at 0x000002A623138160>,41,31,0,1,0.03870530426502228,0.0615481398999691,,,0.25311827956989247,0.002642963059537262
138,139,41,<pyews.server_abstractions.Configuration object at 0x000002A6230DB700>,19,37,0,1,0.021372316405177116,0.025880172848701477,,,2.0,2.0
139,140,8,<pyews.server_abstractions.Configuration object at 0x000002A623138160>,41,30,0,1,0.01697414740920067,0.03532855212688446,,,0.21077777777777776,0.002642963059537262
140,141,8,<pyews.server_abstractions.Configuration object at 0x000002A623138160>,41,34,0,1,0.009153405204415321,0.023727884516119957,,,0.3083333333333333,0.002642963059537262
141,142,32,<pyews.server_abstractions.Configuration object at 0x000002A62310D660>,33,33,1,0,0.00446682795882225,0.019043348729610443,,,0.24949494949494952,0.26437782470823623
142,143,8,<pyews.server_abstractions.Configuration object at 0x000002A623138160>,41,31,0,1,0.016035936772823334,0.008217645809054375,,,0.240752688172043,0.002642963059537262
143,144,8,<pyews.server_abstractions.Configuration object at 0x000002A623138160>,41,33,0,1,0.027061406522989273,0.010035712271928787,,,0.26121212121212123,0.002642963059537262
144,145,8,<pyews.server_abstractions.Configuration object at 0x000002A623138160>,41,32,0,1,0.02344561740756035,0.009627358987927437,,,0.2809375,0.002642963059537262
145,146,8,<pyews.server_abstractions.Configuration object at 0x000002A623138160>,41,35,0,1,0.010904306545853615,0.011560222133994102,,,0.2717142857142857,0.002642963059537262
146,147,9,<pyews.server_abstractions.Configuration object at 0x000002A62310E320>,34,31,0,1,0.007746618706732988,0.027556272223591805,,,0.27053763440860223,0.17264681008681748
147,148,9,<pyews.server_abstractions.Configuration object at 0x000002A62310E320>,34,38,0,1,0.02126011624932289,0.03162137791514397,,,0.2710526315789473,0.17264681008681748
148,149,9,<pyews.server_abstractions.Configuration object at 0x000002A62310E320>,34,35,0,1,0.023533344268798828,0.04760735481977463,,,0.32571428571428573,0.17264681008681748
149,150,1,<pyews.server_abstractions.Configuration object at 0x000002A6230BB580>,8,31,0,1,0.021014180034399033,0.014404647052288055,,,0.22591397849462364,0.26912595698583663
150,151,9,<pyews.server_abstractions.Configuration object at 0x000002A62310E320>,34,37,1,0,0.010197280906140804,0.010740439407527447,,,0.31576576576576576,0.17264681008681748
151,152,1,<pyews.server_abstractions.Configuration object at 0x000002A6230BB580>,8,36,0,1,0.012718255631625652,0.018373768776655197,,,0.2841666666666667,0.26912595698583663
152,153,1,<pyews.server_abstractions.Configuration object at 0x000002A6230BB580>,8,34,0,1,0.014197424054145813,0.021812371909618378,,,0.24049019607843136,0.26912595698583663
153,154,1,<pyews.server_abstractions.Configuration object at 0x000002A6230BB580>,8,34,0,1,0.003622226184234023,0.015534890815615654,,,0.2775490196078432,0.26912595698583663
154,155,1,<pyews.server_abstractions.Configuration object at 0x000002A6230BB580>,8,37,0,1,0.012843618169426918,0.04685017839074135,,,0.26333333333333336,0.26912595698583663
155,156,1,<pyews.server_abstractions.Configuration object at 0x000002A6230BB580>,8,38,0,1,0.01760932430624962,0.013138405978679657,,,0.3480701754385965,0.26912595698583663
156,157,8,<pyews.server_abstractions.Configuration object at 0x000002A623138160>,41,32,0,1,0.012419404461979866,0.030442137271165848,,,0.2653125,0.002642963059537262
157,158,8,<pyews.server_abstractions.Configuration object at 0x000002A623138160>,41,34,0,1,0.01713522896170616,0.037943508476018906,,,0.2382352941176471,0.002642963059537262
158,159,8,<pyews.server_abstractions.Configuration object at 0x000002A623138160>,41,35,0,1,0.005742756649851799,0.028369320556521416,,,0.27990476190476193,0.002642963059537262
159,160,8,<pyews.server_abstractions.Configuration object at 0x000002A623138160>,41,33,1,0,0.00513385608792305,0.012530614621937275,,,0.28595959595959597,0.002642963059537262
160,161,6,<pyews.server_abstractions.Configuration object at 0x000002A6230D8DC0>,15,39,0,1,0.02587306872010231,0.010955349542200565,,,2.0,2.0
161,162,8,<pyews.server_abstractions.Configuration object at 0x000002A623138160>,41,30,0,1,0.010890323668718338,0.01028808206319809,,,0.2086666666666667,0.002642963059537262
162,163,15,<pyews.server_abstractions.Configuration object at 0x000002A6231272E0>,40,37,1,0,0.00815197266638279,0.0339067205786705,,,0.35027027027027025,0.1854343365664084
163,164,8,<pyews.server_abstractions.Configuration object at 0x000002A623138160>,41,36,0,1,0.002712956862524152,0.019044343382120132,,,0.34046296296296297,0.002642963059537262
164,165,8,<pyews.server_abstractions.Configuration object at 0x000002A623138160>,41,38,0,1,0.002331704366952181,0.025349542498588562,,,0.3284210526315789,0.002642963059537262
165,166,8,<pyews.server_abstractions.Configuration object at 0x000002A623138160>,41,31,0,1,0.007137381937354803,0.04621546342968941,,,0.21870967741935482,0.002642963059537262
166,167,8,<pyews.server_abstractions.Configuration object at 0x000002A623138160>,41,36,1,0,0.05590229481458664,0.03080207295715809,,,0.3155555555555556,0.002642963059537262
167,168,15,<pyews.server_abstractions.Configuration object at 0x000002A6231272E0>,40,37,1,0,0.007575215771794319,0.023870814591646194,,,0.31234234234234237,0.1854343365664084
168,169,8,<pyews.server_abstractions.Configuration object at 0x000002A623138160>,41,34,0,1,0.009579455479979515,0.00633337814360857,,,0.29421568627450984,0.002642963059537262
169,170,9,<pyews.server_abstractions.Configuration object at 0x000002A62310E320>,34,27,0,1,0.00918646715581417,0.013955661095678806,,,0.1788888888888889,0.17264681008681748
170,171,9,<pyews.server_abstractions.Configuration object at 0x000002A62310E320>,34,33,0,1,0.0059974887408316135,0.013517132960259914,,,0.24595959595959596,0.17264681008681748
171,172,17,<pyews.server_abstractions.Configuration object at 0x000002A6230C4EE0>,10,37,0,1,0.0018842635909095407,0.006792785134166479,,,2.0,2.0
172,173,9,<pyews.server_abstractions.Configuration object at 0x000002A62310E320>,34,35,0,1,0.003128770738840103,0.020727690309286118,,,0.2717142857142857,0.17264681008681748
173,174,41,<pyews.server_abstractions.Configuration object at 0x000002A6230DB700>,19,38,0,1,0.013966057449579239,0.016117636114358902,,,2.0,2.0
174,175,21,<pyews.server_abstractions.Configuration object at 0x000002A6230C5AE0>,11,37,0,1,0.015457548201084137,0.015824370086193085,,,2.0,2.0
175,176,15,<pyews.server_abstractions.Configuration object at 0x000002A6231272E0>,40,33,0,1,0.004567311145365238,0.022380022332072258,,,0.2686868686868687,0.1854343365664084
176,177,15,<pyews.server_abstractions.Configuration object at 0x000002A6231272E0>,40,34,0,1,0.010766171850264072,0.02892216108739376,,,0.27068627450980387,0.1854343365664084
177,178,15,<pyews.server_abstractions.Configuration object at 0x000002A6231272E0>,40,31,0,1,0.009345948696136475,0.00582733191549778,,,0.240752688172043,0.1854343365664084
178,179,15,<pyews.server_abstractions.Configuration object at 0x000002A6231272E0>,40,31,0,1,0.00859757512807846,0.005388364661484957,,,0.2666666666666667,0.1854343365664084
179,180,32,<pyews.server_abstractions.Configuration object at 0x000002A62310D660>,33,31,1,0,0.006586995907127857,0.040432997047901154,,,0.23849462365591398,0.26437782470823623
180,181,38,<pyews.server_abstractions.Configuration object at 0x000002A623126620>,39,30,0,1,0.006717350333929062,0.06221623346209526,,,0.20155555555555554,0.3054506676452877
181,182,8,<pyews.server_abstractions.Configuration object at 0x000002A623138160>,41,34,0,1,0.003998874686658382,0.03579375147819519,,,0.2861764705882353,0.002642963059537262
182,183,8,<pyews.server_abstractions.Configuration object at 0x000002A623138160>,41,30,0,1,0.021266549825668335,0.02741323411464691,,,0.22622222222222227,0.002642963059537262
183,184,8,<pyews.server_abstractions.Configuration object at 0x000002A623138160>,41,36,0,1,0.011399677023291588,0.015711888670921326,,,0.2948148148148148,0.002642963059537262
184,185,9,<pyews.server_abstractions.Configuration object at 0x000002A62310E320>,34,34,1,0,0.007738148327916861,0.018927207216620445,,,0.311078431372549,0.17264681008681748
185,186,8,<pyews.server_abstractions.Configuration object at 0x000002A623138160>,41,31,0,1,0.002972986316308379,0.021897098049521446,,,0.23870967741935484,0.002642963059537262
186,187,8,<pyews.server_abstractions.Configuration object at 0x000002A623138160>,41,36,0,1,0.0038653057999908924,0.020069153979420662,,,0.28527777777777774,0.002642963059537262
187,188,13,<pyews.server_abstractions.Configuration object at 0x000002A6230F8B80>,26,32,0,1,0.002930649556219578,0.015295067802071571,,,2.0,2.0
188,189,8,<pyews.server_abstractions.Configuration object at 0x000002A623138160>,41,34,0,1,0.006955116055905819,0.02757086232304573,,,0.2690196078431373,0.002642963059537262
189,190,8,<pyews.server_abstractions.Configuration object at 0x000002A623138160>,41,33,1,0,0.009615112096071243,0.04082070291042328,,,0.251010101010101,0.002642963059537262
190,191,9,<pyews.server_abstractions.Configuration object at 0x000002A62310E320>,34,40,0,1,0.006487153470516205,0.0394919328391552,,,0.37608333333333327,0.17264681008681748
191,192,8,<pyews.server_abstractions.Configuration object at 0x000002A623138160>,41,27,1,0,0.0059552788734436035,0.01305663026869297,,,0.20592592592592587,0.002642963059537262
192,193,9,<pyews.server_abstractions.Configuration object at 0x000002A62310E320>,34,29,0,1,0.0046710725873708725,0.02467033639550209,,,0.22781609195402294,0.17264681008681748
193,194,9,<pyews.server_abstractions.Configuration object at 0x000002A62310E320>,34,32,0,1,0.004046308808028698,0.015057466924190521,,,0.21677083333333338,0.17264681008681748
194,195,9,<pyews.server_abstractions.Configuration object at 0x000002A62310E320>,34,31,0,1,0.003004084574058652,0.01629101112484932,,,0.23623655913978492,0.17264681008681748
195,196,1,<pyews.server_abstractions.Configuration object at 0x000002A6230BB580>,8,35,1,0,0.015309024602174759,0.012455843389034271,,,0.2585714285714286,0.26912595698583663
196,197,9,<pyews.server_abstractions.Configuration object at 0x000002A62310E320>,34,37,0,1,0.011688603088259697,0.013940151780843735,,,0.3484684684684686,0.17264681008681748
197,198,38,<pyews.server_abstractions.Configuration object at 0x000002A623126620>,39,26,1,0,0.003780178027227521,0.013609505258500576,,,0.1778205128205128,0.3054506676452877
198,199,33,<pyews.server_abstractions.Configuration object at 0x000002A6230ECB80>,21,37,1,0,0.00349940313026309,0.019939575344324112,,,2.0,2.0
199,200,8,<pyews.server_abstractions.Configuration object at 0x000002A623138160>,41,29,0,1,0.00435170391574502,0.01640644669532776,,,0.2066666666666667,0.002642963059537262
200,201,8,<pyews.server_abstractions.Configuration object at 0x000002A623138160>,41,33,0,1,0.0014561789575964212,0.017326727509498596,,,0.2515151515151515,0.002642963059537262
201,202,38,<pyews.server_abstractions.Configuration object at 0x000002A623126620>,39,34,1,0,0.0022179950028657913,0.010336699895560741,,,0.26176470588235295,0.3054506676452877
202,203,38,<pyews.server_abstractions.Configuration object at 0x000002A623126620>,39,29,1,0,0.001955815125256777,0.02831374853849411,,,0.167816091954023,0.3054506676452877
203,204,8,<pyews.server_abstractions.Configuration object at 0x000002A623138160>,41,34,0,1,0.0020794514566659927,0.014558255672454834,,,0.26294117647058823,0.002642963059537262
204,205,8,<pyews.server_abstractions.Configuration object at 0x000002A623138160>,41,35,0,1,0.0027613204438239336,0.0043105510994791985,,,0.29704761904761906,0.002642963059537262
205,206,8,<pyews.server_abstractions.Configuration object at 0x000002A623138160>,41,28,0,1,0.0028109378181397915,0.006165198981761932,,,0.17630952380952383,0.002642963059537262
206,207,8,<pyews.server_abstractions.Configuration object at 0x000002A623138160>,41,29,0,1,0.003367258235812187,0.0028697638772428036,,,0.21597701149425289,0.002642963059537262
207,208,8,<pyews.server_abstractions.Configuration object at 0x000002A623138160>,41,28,0,1,0.0016034983564168215,0.002959295641630888,,,0.2055952380952381,0.002642963059537262
208,209,1,<pyews.server_abstractions.Configuration object at 0x000002A6230BB580>,8,34,1,0,0.0016162683023139834,0.0046561043709516525,,,0.2711764705882353,0.26912595698583663
209,210,8,<pyews.server_abstractions.Configuration object at 0x000002A623138160>,41,34,0,1,0.0027556694112718105,0.010469808243215084,,,0.27147058823529413,0.002642963059537262
210,211,8,<pyews.server_abstractions.Configuration object at 0x000002A623138160>,41,29,0,1,0.002875435631722212,0.013154599815607071,,,0.1467816091954023,0.002642963059537262
211,212,8,<pyews.server_abstractions.Configuration object at 0x000002A623138160>,41,34,0,1,0.00301095237955451,0.008284542709589005,,,0.2755882352941177,0.002642963059537262
212,213,8,<pyews.server_abstractions.Configuration object at 0x000002A623138160>,41,32,0,1,0.009416766464710236,0.007008934393525124,,,0.2938541666666667,0.002642963059537262
213,214,8,<pyews.server_abstractions.Configuration object at 0x000002A623138160>,41,33,0,1,0.0039849854074418545,0.008800228126347065,,,0.25747474747474747,0.002642963059537262
214,215,8,<pyews.server_abstractions.Configuration object at 0x000002A623138160>,41,31,0,1,0.004362816456705332,0.0069845858961343765,,,0.2576344086021505,0.002642963059537262
215,216,8,<pyews.server_abstractions.Configuration object at 0x000002A623138160>,41,30,1,0,0.00722345570102334,0.008082102984189987,,,0.19211111111111112,0.002642963059537262
216,217,8,<pyews.server_abstractions.Configuration object at 0x000002A623138160>,41,34,1,0,0.009302094578742981,0.010305766016244888,,,0.2668627450980392,0.002642963059537262
217,218,9,<pyews.server_abstractions.Configuration object at 0x000002A62310E320>,34,37,0,1,0.0008916790247894824,0.005775839556008577,,,0.3029729729729729,0.17264681008681748
218,219,9,<pyews.server_abstractions.Configuration object at 0x000002A62310E320>,34,33,0,1,0.005322204437106848,0.005050990730524063,,,0.22494949494949493,0.17264681008681748
219,220,9,<pyews.server_abstractions.Configuration object at 0x000002A62310E320>,34,34,0,1,0.009869975969195366,0.0034019858576357365,,,0.2713725490196078,0.17264681008681748
220,221,8,<pyews.server_abstractions.Configuration object at 0x000002A623138160>,41,31,0,1,0.005677655339241028,0.003076055319979787,,,0.2520430107526882,0.002642963059537262
221,222,8,<pyews.server_abstractions.Configuration object at 0x000002A623138160>,41,35,0,1,0.005130307283252478,0.005743999965488911,,,0.2715238095238095,0.002642963059537262
222,223,8,<pyews.server_abstractions.Configuration object at 0x000002A623138160>,41,31,0,1,0.005646090023219585,0.014032800681889057,,,0.23526881720430107,0.002642963059537262
223,224,8,<pyews.server_abstractions.Configuration object at 0x000002A623138160>,41,34,0,1,0.005337364040315151,0.0045941174030303955,,,0.26784313725490194,0.002642963059537262
224,225,8,<pyews.server_abstractions.Configuration object at 0x000002A623138160>,41,30,0,1,0.005584935192018747,0.0032622674480080605,,,0.20144444444444443,0.002642963059537262
225,226,8,<pyews.server_abstractions.Configuration object at 0x000002A623138160>,41,34,0,1,0.004368238616734743,0.0019709402695298195,,,0.31941176470588234,0.002642963059537262
226,227,8,<pyews.server_abstractions.Configuration object at 0x000002A623138160>,41,35,0,1,0.006110039539635181,0.003546350635588169,,,0.278095238095238,0.002642963059537262
227,228,38,<pyews.server_abstractions.Configuration object at 0x000002A623126620>,39,32,1,0,0.0029821698553860188,0.0024597598239779472,,,0.23052083333333337,0.3054506676452877
228,229,8,<pyews.server_abstractions.Configuration object at 0x000002A623138160>,41,34,0,1,0.0036210292018949986,0.0033152448013424873,,,0.27960784313725495,0.002642963059537262
229,230,8,<pyews.server_abstractions.Configuration object at 0x000002A623138160>,41,34,0,1,0.006499145179986954,0.0029801942873746157,,,0.22392156862745097,0.002642963059537262
230,231,8,<pyews.server_abstractions.Configuration object at 0x000002A623138160>,41,34,0,1,0.006812108214944601,0.002732415683567524,,,0.2570588235294118,0.002642963059537262
231,232,8,<pyews.server_abstractions.Configuration object at 0x000002A623138160>,41,33,0,1,0.005612551234662533,0.003133264370262623,,,0.2518181818181818,0.002642963059537262
232,233,8,<pyews.server_abstractions.Configuration object at 0x000002A623138160>,41,33,0,1,0.0013061034260317683,0.003994592931121588,,,0.2792929292929293,0.002642963059537262
233,234,8,<pyews.server_abstractions.Configuration object at 0x000002A623138160>,41,31,0,1,0.0007465140661224723,0.004187021404504776,,,0.21,0.002642963059537262
234,235,26,<pyews.server_abstractions.Configuration object at 0x000002A6230C66E0>,12,39,0,1,0.004402272403240204,0.0039256056770682335,,,2.0,2.0
235,236,8,<pyews.server_abstractions.Configuration object at 0x000002A623138160>,41,31,0,1,0.008280009031295776,0.001962273381650448,,,0.2489247311827957,0.002642963059537262
236,237,9,<pyews.server_abstractions.Configuration object at 0x000002A62310E320>,34,32,0,1,0.003510883543640375,0.0021540368907153606,,,0.24885416666666668,0.17264681008681748
237,238,9,<pyews.server_abstractions.Configuration object at 0x000002A62310E320>,34,33,0,1,0.001877682050690055,0.0030878810212016106,,,0.20787878787878786,0.17264681008681748
238,239,8,<pyews.server_abstractions.Configuration object at 0x000002A623138160>,41,33,0,1,0.0032011293806135654,0.0012959666782990098,,,0.2219191919191919,0.002642963059537262
239,240,8,<pyews.server_abstractions.Configuration object at 0x000002A623138160>,41,30,0,1,0.0034640668891370296,0.0019288549665361643,,,0.19866666666666663,0.002642963059537262
240,241,8,<pyews.server_abstractions.Configuration object at 0x000002A623138160>,41,34,0,1,0.00363061367534101,0.0019806567579507828,,,0.2530392156862745,0.002642963059537262
241,242,8,<pyews.server_abstractions.Configuration object at 0x000002A623138160>,41,35,0,1,0.0031538899056613445,0.0009391708881594241,,,0.27285714285714285,0.002642963059537262
242,243,8,<pyews.server_abstractions.Configuration object at 0x000002A623138160>,41,34,0,1,0.0011929364409297705,0.0015235753962770104,,,0.25392156862745097,0.002642963059537262
243,244,9,<pyews.server_abstractions.Configuration object at 0x000002A62310E320>,34,38,0,1,0.0032226608600467443,0.001823987578973174,,,0.319561403508772,0.17264681008681748
244,245,9,<pyews.server_abstractions.Configuration object at 0x000002A62310E320>,34,32,0,1,0.0018784666899591684,0.0016408447409048676,,,0.2370833333333333,0.17264681008681748
245,246,8,<pyews.server_abstractions.Configuration object at 0x000002A623138160>,41,33,0,1,0.004082156345248222,0.0013635207433253527,,,0.261010101010101,0.002642963059537262
246,247,8,<pyews.server_abstractions.Configuration object at 0x000002A623138160>,41,33,0,1,0.004610283300280571,0.002631678944453597,,,0.2033333333333333,0.002642963059537262
247,248,8,<pyews.server_abstractions.Configuration object at 0x000002A623138160>,41,28,0,1,0.0033119595609605312,0.001891791122034192,,,0.17595238095238092,0.002642963059537262
248,249,38,<pyews.server_abstractions.Configuration object at 0x000002A623126620>,39,33,1,0,0.001860415213741362,0.0034171673469245434,,,0.3157575757575758,0.3054506676452877
249,250,8,<pyews.server_abstractions.Configuration object at 0x000002A623138160>,41,28,0,1,0.002992781577631831,0.0012927032075822353,,,0.19666666666666668,0.002642963059537262
250,251,8,<pyews.server_abstractions.Configuration object at 0x000002A623138160>,41,36,0,1,0.0013644921127706766,0.0008091438212431967,,,0.31175925925925924,0.002642963059537262
251,252,8,<pyews.server_abstractions.Configuration object at 0x000002A623138160>,41,32,0,1,0.0038091109599918127,0.0013457126915454865,,,0.23718750000000002,0.002642963059537262
252,253,8,<pyews.server_abstractions.Configuration object at 0x000002A623138160>,41,37,0,1,0.004442016594111919,0.0007156505016610026,,,0.33297297297297296,0.002642963059537262
253,254,8,<pyews.server_abstractions.Configuration object at 0x000002A623138160>,41,40,0,1,0.0007593169575557113,0.0019312892109155655,,,0.3321666666666666,0.002642963059537262
254,255,8,<pyews.server_abstractions.Configuration object at 0x000002A623138160>,41,35,0,1,0.0007450258708558977,0.00098486861679703,,,0.2884761904761905,0.002642963059537262
255,256,8,<pyews.server_abstractions.Configuration object at 0x000002A623138160>,41,28,0,1,0.001583148492500186,0.0004828266391996294,,,0.1861904761904762,0.002642963059537262
256,257,8,<pyews.server_abstractions.Configuration object at 0x000002A623138160>,41,37,0,1,0.003997056279331446,0.0013418190646916628,,,0.30297297297297304,0.002642963059537262
257,258,8,<pyews.server_abstractions.Configuration object at 0x000002A623138160>,41,34,0,1,0.007771299220621586,0.00042765995021909475,,,0.2435294117647059,0.002642963059537262
258,259,8,<pyews.server_abstractions.Configuration object at 0x000002A623138160>,41,33,0,1,0.0023634156677871943,0.0003220202634111047,,,0.26606060606060605,0.002642963059537262
259,260,8,<pyews.server_abstractions.Configuration object at 0x000002A623138160>,41,32,0,1,0.0014703599736094475,0.0014482972910627723,,,0.23208333333333336,0.002642963059537262
260,261,8,<pyews.server_abstractions.Configuration object at 0x000002A623138160>,41,33,0,1,0.00029472680762410164,0.0005171295488253236,,,0.2443434343434343,0.002642963059537262
261,262,8,<pyews.server_abstractions.Configuration object at 0x000002A623138160>,41,34,0,1,0.0017709019593894482,0.0003863468882627785,,,0.3042156862745098,0.002642963059537262
262,263,8,<pyews.server_abstractions.Configuration object at 0x000002A623138160>,41,30,0,1,0.004199670627713203,0.00044922801316715777,,,0.15855555555555553,0.002642963059537262
263,264,15,<pyews.server_abstractions.Configuration object at 0x000002A6231272E0>,40,31,1,0,0.00378327164798975,0.0002952509676106274,,,0.25516129032258067,0.1854343365664084
264,265,8,<pyews.server_abstractions.Configuration object at 0x000002A623138160>,41,27,0,1,0.0011294025462120771,0.0004703833255916834,,,0.11061728395061728,0.002642963059537262
265,266,8,<pyews.server_abstractions.Configuration object at 0x000002A623138160>,41,28,0,1,0.0013328846544027328,0.0005011315806768835,,,0.15095238095238095,0.002642963059537262
266,267,8,<pyews.server_abstractions.Configuration object at 0x000002A623138160>,41,32,0,1,0.002476306166499853,0.0003792415664065629,,,0.22583333333333333,0.002642963059537262
267,268,8,<pyews.server_abstractions.Configuration object at 0x000002A623138160>,41,31,0,1,0.001587992999702692,0.00010547775309532881,,,0.21032258064516127,0.002642963059537262
268,269,8,<pyews.server_abstractions.Configuration object at 0x000002A623138160>,41,33,0,1,0.001127574359998107,0.0005893829511478543,,,0.28919191919191917,0.002642963059537262
269,270,8,<pyews.server_abstractions.Configuration object at 0x000002A623138160>,41,31,0,1,0.0011552618816494942,0.0007348325452767313,,,0.22720430107526876,0.002642963059537262
270,271,8,<pyews.server_abstractions.Configuration object at 0x000002A623138160>,41,34,0,1,0.0015470319194719195,0.0007546573178842664,,,0.27294117647058824,0.002642963059537262
271,272,8,<pyews.server_abstractions.Configuration object at 0x000002A623138160>,41,30,0,1,0.0006729686283506453,0.0001955250045284629,,,0.16966666666666666,0.002642963059537262
272,273,8,<pyews.server_abstractions.Configuration object at 0x000002A623138160>,41,34,0,1,0.0019504379015415907,0.00038536312058568,,,0.28029411764705875,0.002642963059537262
273,274,8,<pyews.server_abstractions.Configuration object at 0x000002A623138160>,41,32,0,1,0.00109002529643476,0.0002088401815854013,,,0.25062500000000004,0.002642963059537262
274,275,8,<pyews.server_abstractions.Configuration object at 0x000002A623138160>,41,34,0,1,0.004000228829681873,0.00023547255841549486,,,0.30156862745098034,0.002642963059537262
275,276,8,<pyews.server_abstractions.Configuration object at 0x000002A623138160>,41,34,0,1,0.0016892612911760807,0.0003147013485431671,,,0.23225490196078433,0.002642963059537262
276,277,8,<pyews.server_abstractions.Configuration object at 0x000002A623138160>,41,32,0,1,0.0005172010278329253,0.00015043214079923928,,,0.20677083333333332,0.002642963059537262
277,278,8,<pyews.server_abstractions.Configuration object at 0x000002A623138160>,41,31,0,1,0.0017946908483281732,0.0003549579996615648,,,0.19569892473118278,0.002642963059537262
278,279,8,<pyews.server_abstractions.Configuration object at 0x000002A623138160>,41,32,0,1,0.00227447971701622,0.0001859576441347599,,,0.20083333333333336,0.002642963059537262
279,280,8,<pyews.server_abstractions.Configuration object at 0x000002A623138160>,41,32,0,1,0.004131343215703964,0.00036860202089883387,,,0.2409375,0.002642963059537262
280,281,8,<pyews.server_abstractions.Configuration object at 0x000002A623138160>,41,37,0,1,0.002487454330548644,0.000909381837118417,,,0.26459459459459456,0.002642963059537262
281,282,8,<pyews.server_abstractions.Configuration object at 0x000002A623138160>,41,32,1,0,0.002409764099866152,0.0005558917764574289,,,0.23718749999999997,0.002642963059537262
282,283,8,<pyews.server_abstractions.Configuration object at 0x000002A623138160>,41,34,0,1,0.0022171675227582455,0.0006479081930592656,,,0.27549019607843134,0.002642963059537262
283,284,8,<pyews.server_abstractions.Configuration object at 0x000002A623138160>,41,33,0,1,0.001721000182442367,0.0006433286471292377,,,0.2604040404040404,0.002642963059537262
284,285,1,<pyews.server_abstractions.Configuration object at 0x000002A6230BB580>,8,30,1,0,0.001088706310838461,0.0001649517216719687,,,0.18755555555555556,0.26912595698583663
285,286,8,<pyews.server_abstractions.Configuration object at 0x000002A623138160>,41,30,0,1,0.0007895306334830821,8.461096149403602e-05,,,0.21799999999999997,0.002642963059537262
286,287,22,<pyews.server_abstractions.Configuration object at 0x000002A6230EF1C0>,24,39,0,1,0.007719564717262983,0.00023010560835245997,,,2.0,2.0
287,288,8,<pyews.server_abstractions.Configuration object at 0x000002A623138160>,41,31,0,1,0.0031194640323519707,0.00034041842445731163,,,0.2664516129032258,0.002642963059537262
288,289,9,<pyews.server_abstractions.Configuration object at 0x000002A62310E320>,34,29,1,0,0.004273842088878155,0.0014817570336163044,,,0.20149425287356326,0.17264681008681748
289,290,15,<pyews.server_abstractions.Configuration object at 0x000002A6231272E0>,40,35,1,0,0.0027980490121990442,0.0007337133283726871,,,0.30961904761904757,0.1854343365664084
290,291,8,<pyews.server_abstractions.Configuration object at 0x000002A623138160>,41,31,0,1,0.0026377514004707336,0.0003644903772510588,,,0.27989247311827953,0.002642963059537262
291,292,8,<pyews.server_abstractions.Configuration object at 0x000002A623138160>,41,32,0,1,0.0016815438866615295,2.2401640308089554e-05,,,0.20145833333333332,0.002642963059537262
292,293,8,<pyews.server_abstractions.Configuration object at 0x000002A623138160>,41,34,0,1,0.0021938090212643147,0.00013715974637307227,,,0.2580392156862745,0.002642963059537262
293,294,8,<pyews.server_abstractions.Configuration object at 0x000002A623138160>,41,32,0,1,0.0009313628543168306,0.00015685849939472973,,,0.2365625,0.002642963059537262
294,295,8,<pyews.server_abstractions.Configuration object at 0x000002A623138160>,41,31,0,1,0.0008821518858894706,0.00026077224174514413,,,0.2231182795698924,0.002642963059537262
295,296,8,<pyews.server_abstractions.Configuration object at 0x000002A623138160>,41,32,0,1,0.0026633748784661293,0.00025323586305603385,,,0.21354166666666666,0.002642963059537262
296,297,8,<pyews.server_abstractions.Configuration object at 0x000002A623138160>,41,34,0,1,0.0016352005768567324,0.0001888634724309668,,,0.26843137254901966,0.002642963059537262
297,298,8,<pyews.server_abstractions.Configuration object at 0x000002A623138160>,41,32,0,1,0.0017277306178584695,0.00019684576545841992,,,0.23645833333333333,0.002642963059537262
298,299,8,<pyews.server_abstractions.Configuration object at 0x000002A623138160>,41,35,0,1,0.0028547747060656548,0.0001473726297263056,,,0.2809523809523809,0.002642963059537262
299,300,8,<pyews.server_abstractions.Configuration object at 0x000002A623138160>,41,36,0,1,0.002033560536801815,0.0001899948256323114,,,0.29462962962962963,0.002642963059537262
300,301,8,<pyews.server_abstractions.Configuration object at 0x000002A623138160>,41,30,0,1,0.0020597258117049932,8.234357665060088e-05,,,0.21766666666666665,0.002642963059537262
301,302,8,<pyews.server_abstractions.Configuration object at 0x000002A623138160>,41,26,0,1,0.00386406690813601,2.2943446310819127e-05,,,0.09717948717948717,0.002642963059537262
302,303,8,<pyews.server_abstractions.Configuration object at 0x000002A623138160>,41,34,0,1,0.00452349754050374,0.00024627160746604204,,,0.22500000000000003,0.002642963059537262
303,304,8,<pyews.server_abstractions.Configuration object at 0x000002A623138160>,41,32,0,1,0.0027970923110842705,0.00035214165109209716,,,0.20468750000000002,0.002642963059537262
304,305,8,<pyews.server_abstractions.Configuration object at 0x000002A623138160>,41,35,0,1,0.0013364357873797417,0.00020679051522165537,,,0.2956190476190476,0.002642963059537262
305,306,8,<pyews.server_abstractions.Configuration object at 0x000002A623138160>,41,32,0,1,0.0011305848602205515,0.00013000510807614774,,,0.203125,0.002642963059537262
306,307,8,<pyews.server_abstractions.Configuration object at 0x000002A623138160>,41,33,0,1,0.00842195376753807,7.643199933227152e-05,,,0.2691919191919192,0.002642963059537262
307,308,8,<pyews.server_abstractions.Configuration object at 0x000002A623138160>,41,37,0,1,0.0032825442031025887,9.292709000874311e-05,,,0.2853153153153153,0.002642963059537262
308,309,8,<pyews.server_abstractions.Configuration object at 0x000002A623138160>,41,35,0,1,0.0023326463997364044,0.00010991812450811267,,,0.28714285714285714,0.002642963059537262
309,310,8,<pyews.server_abstractions.Configuration object at 0x000002A623138160>,41,34,0,1,0.004247565753757954,0.00011447670840425417,,,0.27735294117647064,0.002642963059537262
310,311,8,<pyews.server_abstractions.Configuration object at 0x000002A623138160>,41,32,0,1,0.003529083449393511,0.00011782885121647269,,,0.23208333333333334,0.002642963059537262
311,312,8,<pyews.server_abstractions.Configuration object at 0x000002A623138160>,41,31,0,1,0.003505365690216422,0.0001478938211221248,,,0.2635483870967742,0.002642963059537262
312,313,8,<pyews.server_abstractions.Configuration object at 0x000002A623138160>,41,35,0,1,0.004057444632053375,0.00032418762566521764,,,0.29666666666666663,0.002642963059537262
313,314,38,<pyews.server_abstractions.Configuration object at 0x000002A623126620>,39,33,1,0,0.0015699060168117285,0.00014110900519881397,,,0.3052525252525253,0.3054506676452877
314,315,38,<pyews.server_abstractions.Configuration object at 0x000002A623126620>,39,32,1,0,0.0020666997879743576,0.00014316507440526038,,,0.23031250000000003,0.3054506676452877
315,316,8,<pyews.server_abstractions.Configuration object at 0x000002A623138160>,41,32,0,1,0.001587209291756153,0.0001287996128667146,,,0.23781250000000004,0.002642963059537262
316,317,8,<pyews.server_abstractions.Configuration object at 0x000002A623138160>,41,31,0,1,0.0016030676197260618,0.00013087192201055586,,,0.20741935483870969,0.002642963059537262
317,318,8,<pyews.server_abstractions.Configuration object at 0x000002A623138160>,41,35,0,1,0.0031947866082191467,0.0001484375970903784,,,0.26495238095238094,0.002642963059537262
318,319,8,<pyews.server_abstractions.Configuration object at 0x000002A623138160>,41,32,0,1,0.0036817104555666447,0.00013378437142819166,,,0.23208333333333334,0.002642963059537262
319,320,8,<pyews.server_abstractions.Configuration object at 0x000002A623138160>,41,33,0,1,0.001814751187339425,0.00018810936308000237,,,0.27303030303030307,0.002642963059537262
320,321,8,<pyews.server_abstractions.Configuration object at 0x000002A623138160>,41,33,0,1,0.007155729457736015,0.00010216294322162867,,,0.2744444444444444,0.002642963059537262
321,322,8,<pyews.server_abstractions.Configuration object at 0x000002A623138160>,41,33,0,1,0.0052110194228589535,4.764851473737508e-05,,,0.23313131313131313,0.002642963059537262
322,323,8,<pyews.server_abstractions.Configuration object at 0x000002A623138160>,41,32,0,1,0.0024050679057836533,4.914185410598293e-05,,,0.24364583333333337,0.002642963059537262
323,324,8,<pyews.server_abstractions.Configuration object at 0x000002A623138160>,41,29,0,1,0.001349824946373701,9.881130972644314e-05,,,0.20689655172413793,0.002642963059537262
324,325,8,<pyews.server_abstractions.Configuration object at 0x000002A623138160>,41,30,0,1,0.0028786826878786087,8.502685523126274e-05,,,0.1941111111111111,0.002642963059537262
325,326,8,<pyews.server_abstractions.Configuration object at 0x000002A623138160>,41,36,0,1,0.006070021539926529,6.883495370857418e-05,,,0.2641666666666666,0.002642963059537262
326,327,8,<pyews.server_abstractions.Configuration object at 0x000002A623138160>,41,31,0,1,0.0018759362865239382,5.9202218835707754e-05,,,0.20978494623655916,0.002642963059537262
327,328,8,<pyews.server_abstractions.Configuration object at 0x000002A623138160>,41,33,0,1,0.0021789062302559614,7.473519508494064e-05,,,0.23989898989898992,0.002642963059537262
328,329,8,<pyews.server_abstractions.Configuration object at 0x000002A623138160>,41,37,0,1,0.010281525552272797,7.278202974703163e-05,,,0.2892792792792793,0.002642963059537262
329,330,8,<pyews.server_abstractions.Configuration object at 0x000002A623138160>,41,35,0,1,0.003890042891725898,5.3136442147661e-05,,,0.305047619047619,0.002642963059537262
330,331,8,<pyews.server_abstractions.Configuration object at 0x000002A623138160>,41,36,0,1,0.0051289768889546394,3.535807263688184e-05,,,0.28194444444444444,0.002642963059537262
331,332,8,<pyews.server_abstractions.Configuration object at 0x000002A623138160>,41,35,0,1,0.004723901394754648,4.72903047921136e-05,,,0.28580952380952385,0.002642963059537262
332,333,8,<pyews.server_abstractions.Configuration object at 0x000002A623138160>,41,31,0,1,0.003175144549459219,2.8111611754866317e-05,,,0.21795698924731186,0.002642963059537262
333,334,8,<pyews.server_abstractions.Configuration object at 0x000002A623138160>,41,32,0,1,0.0031199539080262184,8.390563743887469e-05,,,0.1941666666666666,0.002642963059537262
334,335,8,<pyews.server_abstractions.Configuration object at 0x000002A623138160>,41,34,0,1,0.006491863634437323,6.818297697464004e-05,,,0.29911764705882343,0.002642963059537262
335,336,8,<pyews.server_abstractions.Configuration object at 0x000002A623138160>,41,32,0,1,0.0035793986171483994,4.3583117076195776e-05,,,0.21708333333333335,0.002642963059537262
336,337,8,<pyews.server_abstractions.Configuration object at 0x000002A623138160>,41,31,1,0,0.0034105246886610985,6.981386832194403e-05,,,0.21892473118279573,0.002642963059537262
337,338,8,<pyews.server_abstractions.Configuration object at 0x000002A623138160>,41,29,0,1,0.005371682345867157,6.796486559323967e-05,,,0.16712643678160918,0.002642963059537262
338,339,8,<pyews.server_abstractions.Configuration object at 0x000002A623138160>,41,31,0,1,0.0025537805631756783,5.876133218407631e-05,,,0.23268817204301076,0.002642963059537262
339,340,8,<pyews.server_abstractions.Configuration object at 0x000002A623138160>,41,34,0,1,0.0027223972138017416,4.482829899643548e-05,,,0.2252941176470588,0.002642963059537262
340,341,1,<pyews.server_abstractions.Configuration object at 0x000002A6230BB580>,8,31,1,0,0.004549536854028702,3.502288382151164e-05,,,0.26021505376344084,0.26912595698583663
341,342,8,<pyews.server_abstractions.Configuration object at 0x000002A623138160>,41,35,0,1,0.003265616251155734,4.043611988890916e-05,,,0.30733333333333335,0.002642963059537262
342,343,8,<pyews.server_abstractions.Configuration object at 0x000002A623138160>,41,32,0,1,0.004338126163929701,3.144643414998427e-05,,,0.20104166666666665,0.002642963059537262
343,344,8,<pyews.server_abstractions.Configuration object at 0x000002A623138160>,41,33,0,1,0.004221727140247822,1.527782660559751e-05,,,0.2363636363636364,0.002642963059537262
344,345,8,<pyews.server_abstractions.Configuration object at 0x000002A623138160>,41,35,0,1,0.0034749393817037344,2.1588028175756335e-05,,,0.24438095238095237,0.002642963059537262
345,346,1,<pyews.server_abstractions.Configuration object at 0x000002A6230BB580>,8,37,1,0,0.002001639222726226,2.364869578741491e-05,,,0.31756756756756765,0.26912595698583663
346,347,8,<pyews.server_abstractions.Configuration object at 0x000002A623138160>,41,32,0,1,0.005472386255860329,3.479500810499303e-05,,,0.23906249999999998,0.002642963059537262
347,348,8,<pyews.server_abstractions.Configuration object at 0x000002A623138160>,41,35,0,1,0.005804870277643204,4.189460742054507e-05,,,0.3118095238095238,0.002642963059537262
348,349,8,<pyews.server_abstractions.Configuration object at 0x000002A623138160>,41,32,0,1,0.003647943725809455,4.358829028205946e-05,,,0.2315625,0.002642963059537262
349,350,8,<pyews.server_abstractions.Configuration object at 0x000002A623138160>,41,30,0,1,0.003153860801830888,2.8307778848102316e-05,,,0.22677777777777777,0.002642963059537262
350,351,8,<pyews.server_abstractions.Configuration object at 0x000002A623138160>,41,37,0,1,0.004473446402698755,1.392813919665059e-05,,,0.3028828828828829,0.002642963059537262
351,352,8,<pyews.server_abstractions.Configuration object at 0x000002A623138160>,41,33,0,1,0.006739753298461437,1.6529011190868914e-05,,,0.2708080808080808,0.002642963059537262
352,353,8,<pyews.server_abstractions.Configuration object at 0x000002A623138160>,41,30,0,1,0.0031966480892151594,1.9391569367144257e-05,,,0.21755555555555556,0.002642963059537262
353,354,15,<pyews.server_abstractions.Configuration object at 0x000002A6231272E0>,40,32,1,0,0.0010467835236340761,3.941874820156954e-05,,,0.2734375,0.1854343365664084
354,355,8,<pyews.server_abstractions.Configuration object at 0x000002A623138160>,41,29,0,1,0.0027943323366343975,5.302674981066957e-05,,,0.23022988505747127,0.002642963059537262
355,356,8,<pyews.server_abstractions.Configuration object at 0x000002A623138160>,41,29,0,1,0.006704456172883511,8.429792069364339e-05,,,0.1559770114942529,0.002642963059537262
356,357,8,<pyews.server_abstractions.Configuration object at 0x000002A623138160>,41,30,0,1,0.006509602069854736,3.9571466913912445e-05,,,0.21144444444444446,0.002642963059537262
357,358,8,<pyews.server_abstractions.Configuration object at 0x000002A623138160>,41,28,1,0,0.006346344016492367,9.127375051320996e-06,,,0.16523809523809524,0.002642963059537262
358,359,8,<pyews.server_abstractions.Configuration object at 0x000002A623138160>,41,34,0,1,0.007043507881462574,2.691021109058056e-06,,,0.270686274509804,0.002642963059537262
359,360,8,<pyews.server_abstractions.Configuration object at 0x000002A623138160>,41,35,0,1,0.0018628546968102455,8.971464922069572e-06,,,0.24447619047619049,0.002642963059537262
360,361,1,<pyews.server_abstractions.Configuration object at 0x000002A6230BB580>,8,29,1,0,0.00320626562461257,2.569023308751639e-05,,,0.16344827586206898,0.26912595698583663
361,362,8,<pyews.server_abstractions.Configuration object at 0x000002A623138160>,41,36,0,1,0.001770269824191928,2.1567124349530786e-05,,,0.3169444444444445,0.002642963059537262
362,363,8,<pyews.server_abstractions.Configuration object at 0x000002A623138160>,41,31,0,1,0.0015957425348460674,5.763898298027925e-05,,,0.21559139784946235,0.002642963059537262
363,364,8,<pyews.server_abstractions.Configuration object at 0x000002A623138160>,41,31,0,1,0.0035720192827284336,2.8169404686195776e-05,,,0.2637634408602151,0.002642963059537262
364,365,8,<pyews.server_abstractions.Configuration object at 0x000002A623138160>,41,33,0,1,0.005383375100791454,6.139538891147822e-05,,,0.19858585858585856,0.002642963059537262
365,366,8,<pyews.server_abstractions.Configuration object at 0x000002A623138160>,41,31,0,1,0.00519021088257432,9.399213013239205e-05,,,0.22645161290322582,0.002642963059537262
366,367,8,<pyews.server_abstractions.Configuration object at 0x000002A623138160>,41,36,0,1,0.0061094737611711025,1.198377321998123e-05,,,0.37092592592592594,0.002642963059537262
367,368,8,<pyews.server_abstractions.Configuration object at 0x000002A623138160>,41,32,0,1,0.008128881454467773,1.8755003111436963e-05,,,0.22291666666666665,0.002642963059537262
368,369,8,<pyews.server_abstractions.Configuration object at 0x000002A623138160>,41,31,0,1,0.00659522507339716,1.07902342278976e-05,,,0.2626881720430107,0.002642963059537262
369,370,15,<pyews.server_abstractions.Configuration object at 0x000002A6231272E0>,40,35,1,0,0.004041779786348343,1.8235934476251714e-05,,,0.29066666666666663,0.1854343365664084
370,371,15,<pyews.server_abstractions.Configuration object at 0x000002A6231272E0>,40,33,1,0,0.002807197393849492,1.7348580513498746e-05,,,0.30090909090909096,0.1854343365664084
371,372,15,<pyews.server_abstractions.Configuration object at 0x000002A6231272E0>,40,32,1,0,0.00385520001873374,3.8678073906339705e-05,,,0.24510416666666668,0.1854343365664084
372,373,8,<pyews.server_abstractions.Configuration object at 0x000002A623138160>,41,33,0,1,0.0035012844018638134,3.163874498568475e-05,,,0.2468686868686869,0.002642963059537262
373,374,8,<pyews.server_abstractions.Configuration object at 0x000002A623138160>,41,30,0,1,0.003414525417611003,8.173714741133153e-05,,,0.21233333333333335,0.002642963059537262
374,375,8,<pyews.server_abstractions.Configuration object at 0x000002A623138160>,41,35,0,1,0.004345465451478958,5.2365394367370754e-05,,,0.26066666666666666,0.002642963059537262
375,376,8,<pyews.server_abstractions.Configuration object at 0x000002A623138160>,41,31,0,1,0.011000487022101879,1.6548296116525307e-05,,,0.24010752688172043,0.002642963059537262
376,377,8,<pyews.server_abstractions.Configuration object at 0x000002A623138160>,41,33,0,1,0.005899384152144194,3.5246452171122655e-05,,,0.21252525252525253,0.002642963059537262
377,378,8,<pyews.server_abstractions.Configuration object at 0x000002A623138160>,41,29,0,1,0.00318035576492548,2.321903593838215e-05,,,0.1745977011494253,0.002642963059537262
378,379,8,<pyews.server_abstractions.Configuration object at 0x000002A623138160>,41,32,0,1,0.0027055060490965843,5.5083051847759634e-05,,,0.22354166666666664,0.002642963059537262
379,380,1,<pyews.server_abstractions.Configuration object at 0x000002A6230BB580>,8,32,1,0,0.0024299570359289646,3.823214501608163e-05,,,0.22916666666666663,0.26912595698583663
380,381,8,<pyews.server_abstractions.Configuration object at 0x000002A623138160>,41,34,0,1,0.002524375217035413,6.33725430816412e-05,,,0.26372549019607844,0.002642963059537262
381,382,8,<pyews.server_abstractions.Configuration object at 0x000002A623138160>,41,34,0,1,0.0025247172452509403,5.560654972214252e-05,,,0.23990196078431372,0.002642963059537262
382,383,8,<pyews.server_abstractions.Configuration object at 0x000002A623138160>,41,32,0,1,0.01032339408993721,1.4098067367740441e-05,,,0.21562499999999998,0.002642963059537262
383,384,8,<pyews.server_abstractions.Configuration object at 0x000002A623138160>,41,27,0,1,0.010797262191772461,8.646686183055863e-06,,,0.10444444444444444,0.002642963059537262
384,385,8,<pyews.server_abstractions.Configuration object at 0x000002A623138160>,41,28,0,1,0.0052299583330750465,1.648788747843355e-05,,,0.1388095238095238,0.002642963059537262
385,386,8,<pyews.server_abstractions.Configuration object at 0x000002A623138160>,41,29,0,1,0.00839624647051096,5.172974488232285e-05,,,0.195632183908046,0.002642963059537262
386,387,8,<pyews.server_abstractions.Configuration object at 0x000002A623138160>,41,28,0,1,0.00427179504185915,6.200531788635999e-05,,,0.14345238095238094,0.002642963059537262
387,388,8,<pyews.server_abstractions.Configuration object at 0x000002A623138160>,41,31,0,1,0.002473569940775633,0.0001265478495042771,,,0.2443010752688172,0.002642963059537262
388,389,8,<pyews.server_abstractions.Configuration object at 0x000002A623138160>,41,29,0,1,0.0017311099218204618,9.168773249257356e-05,,,0.17091954022988506,0.002642963059537262
389,390,8,<pyews.server_abstractions.Configuration object at 0x000002A623138160>,41,31,0,1,0.0041259173303842545,1.3183603186917026e-05,,,0.23161290322580644,0.002642963059537262
390,391,8,<pyews.server_abstractions.Configuration object at 0x000002A623138160>,41,33,0,1,0.002696314826607704,3.0330089430208318e-05,,,0.25626262626262625,0.002642963059537262
391,392,8,<pyews.server_abstractions.Configuration object at 0x000002A623138160>,41,33,0,1,0.009236280806362629,1.934541796799749e-05,,,0.26010101010101006,0.002642963059537262
392,393,8,<pyews.server_abstractions.Configuration object at 0x000002A623138160>,41,35,0,1,0.003098064102232456,2.2039868781575933e-05,,,0.29638095238095236,0.002642963059537262
393,394,8,<pyews.server_abstractions.Configuration object at 0x000002A623138160>,41,35,0,1,0.0013362254248932004,8.841832459438592e-05,,,0.28504761904761916,0.002642963059537262
394,395,8,<pyews.server_abstractions.Configuration object at 0x000002A623138160>,41,31,0,1,0.0034699062816798687,5.95559504290577e-06,,,0.21935483870967745,0.002642963059537262
395,396,8,<pyews.server_abstractions.Configuration object at 0x000002A623138160>,41,33,0,1,0.008478822186589241,2.2227695808396675e-06,,,0.2824242424242424,0.002642963059537262
396,397,8,<pyews.server_abstractions.Configuration object at 0x000002A623138160>,41,33,0,1,0.007077018730342388,0.0003321429539937526,,,0.226969696969697,0.002642963059537262
397,398,8,<pyews.server_abstractions.Configuration object at 0x000002A623138160>,41,33,0,1,0.007035271264612675,0.00018160193576477468,,,0.24353535353535355,0.002642963059537262
398,399,8,<pyews.server_abstractions.Configuration object at 0x000002A623138160>,41,28,0,1,0.0018444035667926073,4.224004806019366e-05,,,0.11476190476190475,0.002642963059537262
399,400,8,<pyews.server_abstractions.Configuration object at 0x000002A623138160>,41,29,0,1,0.00472986651584506,7.164516136981547e-05,,,0.18126436781609195,0.002642963059537262
400,401,8,<pyews.server_abstractions.Configuration object at 0x000002A623138160>,41,33,1,0,0.006320684216916561,0.0001185820801765658,,,0.24747474747474746,0.002642963059537262
401,402,8,<pyews.server_abstractions.Configuration object at 0x000002A623138160>,41,31,0,1,0.015863902866840363,8.101972343865782e-05,,,0.19774193548387095,0.002642963059537262
402,403,8,<pyews.server_abstractions.Configuration object at 0x000002A623138160>,41,33,0,1,0.0047997524961829185,0.00030815700301900506,,,0.25171717171717173,0.002642963059537262
403,404,9,<pyews.server_abstractions.Configuration object at 0x000002A62310E320>,34,33,1,0,0.00979665294289589,7.495947647839785e-05,,,0.2918181818181818,0.17264681008681748
404,405,8,<pyews.server_abstractions.Configuration object at 0x000002A623138160>,41,30,0,1,0.015429270453751087,2.6263143809046596e-05,,,0.2478888888888889,0.002642963059537262
405,406,8,<pyews.server_abstractions.Configuration object at 0x000002A623138160>,41,33,0,1,0.010612616315484047,0.00013693340588361025,,,0.23090909090909092,0.002642963059537262
406,407,8,<pyews.server_abstractions.Configuration object at 0x000002A623138160>,41,31,0,1,0.011098776012659073,6.174883310450241e-05,,,0.22978494623655912,0.002642963059537262
407,408,8,<pyews.server_abstractions.Configuration object at 0x000002A623138160>,41,34,0,1,0.004003922920674086,3.8274458347586915e-05,,,0.2833333333333333,0.002642963059537262
408,409,8,<pyews.server_abstractions.Configuration object at 0x000002A623138160>,41,32,0,1,0.0014007599093019962,0.0002611996605992317,,,0.20489583333333336,0.002642963059537262
409,410,8,<pyews.server_abstractions.Configuration object at 0x000002A623138160>,41,32,0,1,0.002933152485638857,9.499197039986029e-05,,,0.24531250000000004,0.002642963059537262
410,411,8,<pyews.server_abstractions.Configuration object at 0x000002A623138160>,41,36,0,1,0.005604201462119818,0.00013848142407368869,,,0.2841666666666667,0.002642963059537262
411,412,8,<pyews.server_abstractions.Configuration object at 0x000002A623138160>,41,33,0,1,0.012130198068916798,8.737961616134271e-05,,,0.24525252525252528,0.002642963059537262
412,413,8,<pyews.server_abstractions.Configuration object at 0x000002A623138160>,41,29,0,1,0.0032201872672885656,6.877835403429344e-05,,,0.2193103448275862,0.002642963059537262
413,414,8,<pyews.server_abstractions.Configuration object at 0x000002A623138160>,41,32,0,1,0.0037114876322448254,6.564689101651311e-05,,,0.21635416666666665,0.002642963059537262
414,415,8,<pyews.server_abstractions.Configuration object at 0x000002A623138160>,41,30,0,1,0.0038006212562322617,0.0001145976857515052,,,0.19944444444444445,0.002642963059537262
415,416,8,<pyews.server_abstractions.Configuration object at 0x000002A623138160>,41,32,0,1,0.003158008214086294,0.0001068339915946126,,,0.23791666666666667,0.002642963059537262
416,417,8,<pyews.server_abstractions.Configuration object at 0x000002A623138160>,41,30,0,1,0.026333294808864594,5.6404125643894076e-05,,,0.17877777777777779,0.002642963059537262
417,418,8,<pyews.server_abstractions.Configuration object at 0x000002A623138160>,41,34,0,1,0.0025716819800436497,0.00012091657845303416,,,0.25039215686274513,0.002642963059537262
418,419,8,<pyews.server_abstractions.Configuration object at 0x000002A623138160>,41,34,0,1,0.0011188059579581022,5.280584082356654e-05,,,0.25372549019607843,0.002642963059537262
419,420,8,<pyews.server_abstractions.Configuration object at 0x000002A623138160>,41,31,1,0,0.010575031861662865,6.171831773826852e-05,,,0.2547311827956989,0.002642963059537262
420,421,8,<pyews.server_abstractions.Configuration object at 0x000002A623138160>,41,34,0,1,0.023149214684963226,7.035774615360424e-05,,,0.2574509803921568,0.002642963059537262
421,422,8,<pyews.server_abstractions.Configuration object at 0x000002A623138160>,41,31,0,1,0.004409508779644966,4.973827162757516e-05,,,0.18494623655913975,0.002642963059537262
422,423,8,<pyews.server_abstractions.Configuration object at 0x000002A623138160>,41,36,0,1,0.000960534205660224,2.6328552849008702e-05,,,0.28907407407407404,0.002642963059537262
423,424,8,<pyews.server_abstractions.Configuration object at 0x000002A623138160>,41,34,0,1,0.0022272265050560236,1.1755249943234958e-05,,,0.29598039215686267,0.002642963059537262
424,425,8,<pyews.server_abstractions.Configuration object at 0x000002A623138160>,41,35,0,1,0.008069037459790707,2.033734563156031e-05,,,0.26914285714285713,0.002642963059537262
425,426,8,<pyews.server_abstractions.Configuration object at 0x000002A623138160>,41,34,0,1,0.010814202018082142,0.0002541402354836464,,,0.2505882352941176,0.002642963059537262
426,427,8,<pyews.server_abstractions.Configuration object at 0x000002A623138160>,41,31,0,1,0.007365367375314236,0.00011143922893097624,,,0.20838709677419356,0.002642963059537262
427,428,8,<pyews.server_abstractions.Configuration object at 0x000002A623138160>,41,31,0,1,0.0011500410037115216,8.063652785494924e-05,,,0.20978494623655916,0.002642963059537262
428,429,8,<pyews.server_abstractions.Configuration object at 0x000002A623138160>,41,31,0,1,0.002185968915000558,3.2549658499192446e-05,,,0.219247311827957,0.002642963059537262
429,430,8,<pyews.server_abstractions.Configuration object at 0x000002A623138160>,41,29,0,1,0.020009955391287804,4.6316861698869616e-05,,,0.18114942528735634,0.002642963059537262
430,431,8,<pyews.server_abstractions.Configuration object at 0x000002A623138160>,41,33,0,1,0.017225731164216995,2.5905421352945268e-05,,,0.2408080808080808,0.002642963059537262
431,432,8,<pyews.server_abstractions.Configuration object at 0x000002A623138160>,41,31,0,1,0.0071853455156087875,1.382406298944261e-05,,,0.19043010752688175,0.002642963059537262
432,433,8,<pyews.server_abstractions.Configuration object at 0x000002A623138160>,41,32,0,1,0.004096520133316517,5.58831452508457e-05,,,0.21479166666666666,0.002642963059537262
433,434,8,<pyews.server_abstractions.Configuration object at 0x000002A623138160>,41,27,0,1,0.016113100573420525,4.82551367895212e-05,,,0.10197530864197529,0.002642963059537262
434,435,8,<pyews.server_abstractions.Configuration object at 0x000002A623138160>,41,33,0,1,0.028629180043935776,7.721671863691881e-05,,,0.27040404040404037,0.002642963059537262
435,436,8,<pyews.server_abstractions.Configuration object at 0x000002A623138160>,41,30,0,1,0.008880440145730972,7.289482891792431e-05,,,0.23344444444444445,0.002642963059537262
436,437,8,<pyews.server_abstractions.Configuration object at 0x000002A623138160>,41,34,0,1,0.004207070916891098,5.708286334993318e-05,,,0.24715686274509807,0.002642963059537262
437,438,8,<pyews.server_abstractions.Configuration object at 0x000002A623138160>,41,31,0,1,0.0033327359706163406,2.1124089471413754e-05,,,0.22236559139784948,0.002642963059537262
438,439,8,<pyews.server_abstractions.Configuration object at 0x000002A623138160>,41,29,0,1,0.007900062948465347,2.3046688511385582e-05,,,0.18505747126436783,0.002642963059537262
439,440,8,<pyews.server_abstractions.Configuration object at 0x000002A623138160>,41,35,0,1,0.009125260636210442,4.424015969561879e-06,,,0.2893333333333333,0.002642963059537262
440,441,8,<pyews.server_abstractions.Configuration object at 0x000002A623138160>,41,33,0,1,0.031106654554605484,1.2087069990229793e-05,,,0.24292929292929297,0.002642963059537262
441,442,8,<pyews.server_abstractions.Configuration object at 0x000002A623138160>,41,35,0,1,0.008405977860093117,1.4995300261944067e-05,,,0.26142857142857145,0.002642963059537262
442,443,8,<pyews.server_abstractions.Configuration object at 0x000002A623138160>,41,35,0,1,0.0015711733140051365,8.974835509434342e-05,,,0.2838095238095238,0.002642963059537262
443,444,8,<pyews.server_abstractions.Configuration object at 0x000002A623138160>,41,32,0,1,0.020550094544887543,0.00020790760754607618,,,0.22749999999999998,0.002642963059537262
444,445,8,<pyews.server_abstractions.Configuration object at 0x000002A623138160>,41,31,0,1,0.013065136969089508,4.883598376181908e-05,,,0.26290322580645165,0.002642963059537262
445,446,8,<pyews.server_abstractions.Configuration object at 0x000002A623138160>,41,29,0,1,0.008290176279842854,2.6638354029273614e-05,,,0.17080459770114942,0.002642963059537262
446,447,1,<pyews.server_abstractions.Configuration object at 0x000002A6230BB580>,8,36,1,0,0.0012079975567758083,7.202147389762104e-05,,,0.3097222222222222,0.26912595698583663
447,448,8,<pyews.server_abstractions.Configuration object at 0x000002A623138160>,41,33,0,1,0.0024352814070880413,8.76221020007506e-06,,,0.25939393939393934,0.002642963059537262
448,449,8,<pyews.server_abstractions.Configuration object at 0x000002A623138160>,41,34,0,1,0.01400827057659626,3.299765376141295e-05,,,0.2786274509803922,0.002642963059537262
449,450,8,<pyews.server_abstractions.Configuration object at 0x000002A623138160>,41,36,0,1,0.01741190440952778,7.643705612281337e-05,,,0.2753703703703704,0.002642963059537262
450,451,8,<pyews.server_abstractions.Configuration object at 0x000002A623138160>,41,30,0,1,0.0010364190675318241,0.0001562066318001598,,,0.184,0.002642963059537262
451,452,8,<pyews.server_abstractions.Configuration object at 0x000002A623138160>,41,31,0,1,0.0011197873391211033,7.457059109583497e-05,,,0.19000000000000003,0.002642963059537262
452,453,8,<pyews.server_abstractions.Configuration object at 0x000002A623138160>,41,33,0,1,0.005692468956112862,6.579605542356148e-05,,,0.22484848484848485,0.002642963059537262
453,454,8,<pyews.server_abstractions.Configuration object at 0x000002A623138160>,41,31,0,1,0.003390833968296647,7.060435018502176e-05,,,0.20946236559139783,0.002642963059537262
454,455,27,<pyews.server_abstractions.Configuration object at 0x000002A623124B20>,37,28,1,0,0.002095248084515333,8.083625289145857e-05,,,0.14821428571428572,0.308151228202052
455,456,8,<pyews.server_abstractions.Configuration object at 0x000002A623138160>,41,30,0,1,0.002332616364583373,4.505061951931566e-05,,,0.19211111111111107,0.002642963059537262
456,457,8,<pyews.server_abstractions.Configuration object at 0x000002A623138160>,41,33,0,1,0.005482850596308708,1.6289563063764945e-05,,,0.22373737373737376,0.002642963059537262
457,458,8,<pyews.server_abstractions.Configuration object at 0x000002A623138160>,41,32,0,1,0.003252039197832346,3.0089167921687476e-05,,,0.1995833333333333,0.002642963059537262
458,459,8,<pyews.server_abstractions.Configuration object at 0x000002A623138160>,41,32,0,1,0.003936994820833206,6.645850953646004e-05,,,0.20979166666666665,0.002642963059537262
459,460,8,<pyews.server_abstractions.Configuration object at 0x000002A623138160>,41,33,0,1,0.006979159079492092,5.245616193860769e-05,,,0.2876767676767677,0.002642963059537262
460,461,8,<pyews.server_abstractions.Configuration object at 0x000002A623138160>,41,34,0,1,0.002805151976644993,9.302127728005871e-05,,,0.2869607843137255,0.002642963059537262
461,462,9,<pyews.server_abstractions.Configuration object at 0x000002A62310E320>,34,37,1,0,0.0024721648078411818,9.782171400729567e-05,,,0.3337837837837838,0.17264681008681748
462,463,27,<pyews.server_abstractions.Configuration object at 0x000002A623124B20>,37,36,1,0,0.015176055952906609,0.00010406403453089297,,,0.3144444444444444,0.308151228202052
463,464,8,<pyews.server_abstractions.Configuration object at 0x000002A623138160>,41,28,0,1,0.01604871079325676,5.31242330907844e-05,,,0.2163095238095238,0.002642963059537262
464,465,8,<pyews.server_abstractions.Configuration object at 0x000002A623138160>,41,32,0,1,0.003003524849191308,3.0710880309925415e-06,,,0.21520833333333333,0.002642963059537262
465,466,8,<pyews.server_abstractions.Configuration object at 0x000002A623138160>,41,34,0,1,0.004874150734394789,1.0945966096187476e-05,,,0.24735294117647058,0.002642963059537262
466,467,8,<pyews.server_abstractions.Configuration object at 0x000002A623138160>,41,32,0,1,0.00440018717199564,5.3630203183274716e-05,,,0.20218750000000002,0.002642963059537262
467,468,8,<pyews.server_abstractions.Configuration object at 0x000002A623138160>,41,28,0,1,0.02003454603254795,0.000159854389494285,,,0.15523809523809523,0.002642963059537262
468,469,8,<pyews.server_abstractions.Configuration object at 0x000002A623138160>,41,30,0,1,0.0026803326327353716,9.440712892683223e-05,,,0.18877777777777777,0.002642963059537262
469,470,8,<pyews.server_abstractions.Configuration object at 0x000002A623138160>,41,33,0,1,0.0016929447883740067,2.8490187105489895e-05,,,0.2628282828282828,0.002642963059537262
470,471,1,<pyews.server_abstractions.Configuration object at 0x000002A6230BB580>,8,34,1,0,0.005899995565414429,1.3746341210207902e-05,,,0.2685294117647059,0.26912595698583663
471,472,8,<pyews.server_abstractions.Configuration object at 0x000002A623138160>,41,30,0,1,0.005024702288210392,1.4174256648402661e-05,,,0.25222222222222224,0.002642963059537262
472,473,8,<pyews.server_abstractions.Configuration object at 0x000002A623138160>,41,30,0,1,0.00732499361038208,4.426665327628143e-06,,,0.20377777777777778,0.002642963059537262
473,474,8,<pyews.server_abstractions.Configuration object at 0x000002A623138160>,41,33,0,1,0.0071894521825015545,7.494956662412733e-05,,,0.21666666666666665,0.002642963059537262
474,475,8,<pyews.server_abstractions.Configuration object at 0x000002A623138160>,41,31,0,1,0.006476441398262978,8.401981904171407e-05,,,0.17913978494623653,0.002642963059537262
475,476,8,<pyews.server_abstractions.Configuration object at 0x000002A623138160>,41,32,0,1,0.00634917663410306,5.6406130170216784e-05,,,0.23020833333333338,0.002642963059537262
476,477,8,<pyews.server_abstractions.Configuration object at 0x000002A623138160>,41,31,0,1,0.013928983360528946,9.279733058065176e-05,,,0.1980645161290323,0.002642963059537262
477,478,8,<pyews.server_abstractions.Configuration object at 0x000002A623138160>,41,35,0,1,0.007048492785543203,8.974349475465715e-05,,,0.25733333333333336,0.002642963059537262
478,479,8,<pyews.server_abstractions.Configuration object at 0x000002A623138160>,41,33,0,1,0.002561754547059536,2.4181543267332017e-05,,,0.2639393939393939,0.002642963059537262
479,480,8,<pyews.server_abstractions.Configuration object at 0x000002A623138160>,41,32,0,1,0.03938499093055725,3.48230023519136e-05,,,0.2103125,0.002642963059537262
480,481,8,<pyews.server_abstractions.Configuration object at 0x000002A623138160>,41,33,0,1,0.005693023093044758,4.36123173130909e-06,,,0.2623232323232323,0.002642963059537262
481,482,8,<pyews.server_abstractions.Configuration object at 0x000002A623138160>,41,34,0,1,0.004143203608691692,0.0001031529318424873,,,0.2623529411764705,0.002642963059537262
482,483,8,<pyews.server_abstractions.Configuration object at 0x000002A623138160>,41,30,0,1,0.001959573943167925,3.649219434009865e-05,,,0.2368888888888889,0.002642963059537262
483,484,8,<pyews.server_abstractions.Configuration object at 0x000002A623138160>,41,29,0,1,0.021916959434747696,3.5681607641890878e-06,,,0.20540229885057473,0.002642963059537262
484,485,8,<pyews.server_abstractions.Configuration object at 0x000002A623138160>,41,29,0,1,0.008797764778137207,9.969569873646833e-06,,,0.1750574712643678,0.002642963059537262
485,486,8,<pyews.server_abstractions.Configuration object at 0x000002A623138160>,41,34,0,1,0.002846325747668743,7.394971908070147e-05,,,0.271078431372549,0.002642963059537262
486,487,27,<pyews.server_abstractions.Configuration object at 0x000002A623124B20>,37,30,1,0,0.000781093433033675,8.534570224583149e-05,,,0.22933333333333333,0.308151228202052
487,488,27,<pyews.server_abstractions.Configuration object at 0x000002A623124B20>,37,37,1,0,0.0014610450016334653,0.00012069316289853305,,,0.29639639639639637,0.308151228202052
488,489,8,<pyews.server_abstractions.Configuration object at 0x000002A623138160>,41,31,0,1,0.0035350373946130276,7.412944250972942e-05,,,0.24935483870967742,0.002642963059537262
489,490,8,<pyews.server_abstractions.Configuration object at 0x000002A623138160>,41,31,0,1,0.004920049104839563,2.6589052140479907e-05,,,0.20892473118279573,0.002642963059537262
490,491,8,<pyews.server_abstractions.Configuration object at 0x000002A623138160>,41,32,0,1,0.002345059998333454,9.034269896801561e-05,,,0.24895833333333334,0.002642963059537262
491,492,8,<pyews.server_abstractions.Configuration object at 0x000002A623138160>,41,34,0,1,0.001884097931906581,0.00029211194487288594,,,0.26245098039215686,0.002642963059537262
492,493,8,<pyews.server_abstractions.Configuration object at 0x000002A623138160>,41,33,0,1,0.001056768000125885,0.0005158748826943338,,,0.24505050505050507,0.002642963059537262
493,494,8,<pyews.server_abstractions.Configuration object at 0x000002A623138160>,41,36,0,1,0.002438915427774191,0.0006208228878676891,,,0.33981481481481474,0.002642963059537262
494,495,8,<pyews.server_abstractions.Configuration object at 0x000002A623138160>,41,33,0,1,0.00682529341429472,0.00024534459225833416,,,0.23131313131313133,0.002642963059537262
495,496,8,<pyews.server_abstractions.Configuration object at 0x000002A623138160>,41,35,0,1,0.00279940920881927,0.0001273400557693094,,,0.28638095238095235,0.002642963059537262
496,497,1,<pyews.server_abstractions.Configuration object at 0x000002A6230BB580>,8,32,1,0,0.0044947220012545586,0.00042666372610256076,,,0.23052083333333337,0.26912595698583663
497,498,8,<pyews.server_abstractions.Configuration object at 0x000002A623138160>,41,33,0,1,0.0013847867958247662,1.638151479710359e-05,,,0.2523232323232323,0.002642963059537262
498,499,8,<pyews.server_abstractions.Configuration object at 0x000002A623138160>,41,33,0,1,0.0029851985163986683,0.00028933503199368715,,,0.22626262626262628,0.002642963059537262
499,500,8,<pyews.server_abstractions.Configuration object at 0x000002A623138160>,41,35,0,1,0.005120937246829271,4.8554062232142314e-05,,,0.24628571428571427,0.002642963059537262
500,501,8,<pyews.server_abstractions.Configuration object at 0x000002A623138160>,41,33,0,1,0.001787210931070149,0.00013450684491544962,,,0.2588888888888889,0.002642963059537262
501,502,8,<pyews.server_abstractions.Configuration object at 0x000002A623138160>,41,34,0,1,0.003922733943909407,0.0001507467241026461,,,0.27921568627450977,0.002642963059537262
502,503,8,<pyews.server_abstractions.Configuration object at 0x000002A623138160>,41,34,0,1,0.0016339814756065607,2.045114115389879e-06,,,0.2596078431372549,0.002642963059537262
503,504,8,<pyews.server_abstractions.Configuration object at 0x000002A623138160>,41,36,0,1,0.0006865062168799341,0.00011182127491338179,,,0.3249074074074075,0.002642963059537262
504,505,8,<pyews.server_abstractions.Configuration object at 0x000002A623138160>,41,32,0,1,0.0005639223381876945,9.713715553516522e-05,,,0.21750000000000003,0.002642963059537262
505,506,8,<pyews.server_abstractions.Configuration object at 0x000002A623138160>,41,36,0,1,0.001160103129222989,6.881101626277086e-07,,,0.29620370370370375,0.002642963059537262
506,507,8,<pyews.server_abstractions.Configuration object at 0x000002A623138160>,41,37,0,1,0.0021300306543707848,6.8257337261457e-05,,,0.28945945945945944,0.002642963059537262
507,508,8,<pyews.server_abstractions.Configuration object at 0x000002A623138160>,41,32,0,1,0.0039957864210009575,9.5836199761834e-05,,,0.22520833333333334,0.002642963059537262
508,509,8,<pyews.server_abstractions.Configuration object at 0x000002A623138160>,41,35,0,1,0.0011816862970590591,3.437861232669093e-05,,,0.26276190476190475,0.002642963059537262
509,510,8,<pyews.server_abstractions.Configuration object at 0x000002A623138160>,41,32,0,1,0.0016631028847768903,3.971125988755375e-05,,,0.22458333333333336,0.002642963059537262
510,511,32,<pyews.server_abstractions.Configuration object at 0x000002A62310D660>,33,30,1,0,0.0022957827895879745,0.0001944666146300733,,,0.19666666666666668,0.26437782470823623
511,512,8,<pyews.server_abstractions.Configuration object at 0x000002A623138160>,41,36,0,1,0.0032541020773351192,0.0001215868687722832,,,0.3496296296296296,0.002642963059537262
512,513,8,<pyews.server_abstractions.Configuration object at 0x000002A623138160>,41,27,0,1,0.0015032001538202167,7.110907608876005e-05,,,0.13703703703703707,0.002642963059537262
513,514,8,<pyews.server_abstractions.Configuration object at 0x000002A623138160>,41,33,0,1,0.004735731519758701,5.520055492524989e-05,,,0.2381818181818182,0.002642963059537262
514,515,8,<pyews.server_abstractions.Configuration object at 0x000002A623138160>,41,30,0,1,0.00760112889111042,0.00017525936709716916,,,0.20744444444444443,0.002642963059537262
515,516,8,<pyews.server_abstractions.Configuration object at 0x000002A623138160>,41,29,0,1,0.002636601682752371,0.00011027220170944929,,,0.19436781609195403,0.002642963059537262
516,517,8,<pyews.server_abstractions.Configuration object at 0x000002A623138160>,41,30,0,1,0.0006709122098982334,2.085509549942799e-05,,,0.1822222222222222,0.002642963059537262
517,518,8,<pyews.server_abstractions.Configuration object at 0x000002A623138160>,41,36,0,1,0.003949509933590889,0.00017473631305620074,,,0.2959259259259259,0.002642963059537262
518,519,8,<pyews.server_abstractions.Configuration object at 0x000002A623138160>,41,31,0,1,0.0046371896751224995,0.00016575786867178977,,,0.2203225806451613,0.002642963059537262
519,520,8,<pyews.server_abstractions.Configuration object at 0x000002A623138160>,41,35,0,1,0.006415855139493942,3.608075712691061e-05,,,0.26228571428571434,0.002642963059537262
520,521,8,<pyews.server_abstractions.Configuration object at 0x000002A623138160>,41,28,0,1,0.004703126847743988,0.00017042536637745798,,,0.15535714285714283,0.002642963059537262
521,522,15,<pyews.server_abstractions.Configuration object at 0x000002A6231272E0>,40,32,1,0,0.0020999719854444265,2.0564650185406208e-05,,,0.26677083333333335,0.1854343365664084
522,523,8,<pyews.server_abstractions.Configuration object at 0x000002A623138160>,41,30,0,1,0.004977880045771599,9.49734021560289e-05,,,0.184,0.002642963059537262
523,524,8,<pyews.server_abstractions.Configuration object at 0x000002A623138160>,41,33,0,1,0.011778002604842186,0.00013652609777636826,,,0.24939393939393942,0.002642963059537262
524,525,8,<pyews.server_abstractions.Configuration object at 0x000002A623138160>,41,37,0,1,0.009658602997660637,1.7464628399466164e-05,,,0.32963963963963966,0.002642963059537262
525,526,8,<pyews.server_abstractions.Configuration object at 0x000002A623138160>,41,33,0,1,0.0009595385054126382,0.00010850107355508953,,,0.2325252525252525,0.002642963059537262
526,527,8,<pyews.server_abstractions.Configuration object at 0x000002A623138160>,41,34,0,1,0.0012228678679093719,0.00014351331628859043,,,0.23450980392156862,0.002642963059537262
527,528,8,<pyews.server_abstractions.Configuration object at 0x000002A623138160>,41,33,1,0,0.006344263907521963,1.8339761709285085e-06,,,0.25545454545454543,0.002642963059537262
528,529,8,<pyews.server_abstractions.Configuration object at 0x000002A623138160>,41,35,0,1,0.02385992743074894,0.00018523778999224305,,,0.255047619047619,0.002642963059537262
529,530,8,<pyews.server_abstractions.Configuration object at 0x000002A623138160>,41,33,0,1,0.002139338292181492,0.00014868835569359362,,,0.24222222222222223,0.002642963059537262
530,531,8,<pyews.server_abstractions.Configuration object at 0x000002A623138160>,41,35,0,1,0.0028878424782305956,9.569626854499802e-06,,,0.2478095238095238,0.002642963059537262
531,532,8,<pyews.server_abstractions.Configuration object at 0x000002A623138160>,41,35,0,1,0.003404072020202875,8.766898099565879e-05,,,0.28495238095238096,0.002642963059537262
532,533,8,<pyews.server_abstractions.Configuration object at 0x000002A623138160>,41,26,0,1,0.028835289180278778,5.017194416723214e-05,,,0.13576923076923078,0.002642963059537262
533,534,8,<pyews.server_abstractions.Configuration object at 0x000002A623138160>,41,29,0,1,0.000864089117385447,4.642392013920471e-05,,,0.13885057471264367,0.002642963059537262
534,535,8,<pyews.server_abstractions.Configuration object at 0x000002A623138160>,41,32,0,1,0.0012097381986677647,5.312527355272323e-05,,,0.23395833333333332,0.002642963059537262
535,536,8,<pyews.server_abstractions.Configuration object at 0x000002A623138160>,41,34,0,1,0.014477048069238663,1.0182722689933144e-05,,,0.23950980392156862,0.002642963059537262
536,537,8,<pyews.server_abstractions.Configuration object at 0x000002A623138160>,41,33,0,1,0.023956434801220894,8.60893924254924e-05,,,0.2516161616161616,0.002642963059537262
537,538,8,<pyews.server_abstractions.Configuration object at 0x000002A623138160>,41,36,0,1,0.008347374387085438,0.00011017579527106136,,,0.36592592592592593,0.002642963059537262
538,539,8,<pyews.server_abstractions.Configuration object at 0x000002A623138160>,41,30,0,1,0.01373189315199852,1.1002466635545716e-05,,,0.2247777777777778,0.002642963059537262
539,540,8,<pyews.server_abstractions.Configuration object at 0x000002A623138160>,41,34,0,1,0.004872649908065796,6.398341793101281e-05,,,0.25519607843137254,0.002642963059537262
540,541,8,<pyews.server_abstractions.Configuration object at 0x000002A623138160>,41,36,0,1,0.03358006477355957,0.00011388590792194009,,,0.2821296296296296,0.002642963059537262
541,542,8,<pyews.server_abstractions.Configuration object at 0x000002A623138160>,41,32,0,1,0.0074427020736038685,9.520795174466912e-06,,,0.25614583333333335,0.002642963059537262
542,543,8,<pyews.server_abstractions.Configuration object at 0x000002A623138160>,41,36,0,1,0.006874383427202702,6.130756082711741e-05,,,0.2868518518518519,0.002642963059537262
543,544,8,<pyews.server_abstractions.Configuration object at 0x000002A623138160>,41,30,0,1,0.000856146914884448,7.445953087881207e-05,,,0.17822222222222223,0.002642963059537262
544,545,8,<pyews.server_abstractions.Configuration object at 0x000002A623138160>,41,37,0,1,0.0028508107643574476,3.308595114503987e-05,,,0.2670270270270271,0.002642963059537262
545,546,8,<pyews.server_abstractions.Configuration object at 0x000002A623138160>,41,34,0,1,0.014583681710064411,9.664017852628604e-06,,,0.2691176470588235,0.002642963059537262
546,547,8,<pyews.server_abstractions.Configuration object at 0x000002A623138160>,41,33,0,1,0.007133745588362217,5.0460435886634514e-05,,,0.29535353535353537,0.002642963059537262
547,548,8,<pyews.server_abstractions.Configuration object at 0x000002A623138160>,41,35,0,1,0.0023422057274729013,4.089795038453303e-05,,,0.2859047619047619,0.002642963059537262
548,549,8,<pyews.server_abstractions.Configuration object at 0x000002A623138160>,41,30,0,1,0.000662274076603353,1.8130982425645925e-05,,,0.18255555555555555,0.002642963059537262
549,550,8,<pyews.server_abstractions.Configuration object at 0x000002A623138160>,41,34,0,1,0.002447383478283882,5.8248791901860386e-05,,,0.2437254901960784,0.002642963059537262
550,551,8,<pyews.server_abstractions.Configuration object at 0x000002A623138160>,41,29,0,1,0.002531747566536069,1.0184870916418731e-05,,,0.18517241379310345,0.002642963059537262
551,552,8,<pyews.server_abstractions.Configuration object at 0x000002A623138160>,41,30,0,1,0.002767353318631649,1.7249625670956448e-05,,,0.18577777777777776,0.002642963059537262
552,553,8,<pyews.server_abstractions.Configuration object at 0x000002A623138160>,41,34,0,1,0.005740144290030003,4.570674354908988e-05,,,0.21127450980392154,0.002642963059537262
553,554,1,<pyews.server_abstractions.Configuration object at 0x000002A6230BB580>,8,34,1,0,0.004604511894285679,3.116490915999748e-06,,,0.2999019607843138,0.26912595698583663
554,555,8,<pyews.server_abstractions.Configuration object at 0x000002A623138160>,41,33,0,1,0.005835451651364565,2.7834517823066562e-05,,,0.30333333333333334,0.002642963059537262
555,556,8,<pyews.server_abstractions.Configuration object at 0x000002A623138160>,41,33,0,1,0.0233161523938179,5.0674061640165746e-05,,,0.23525252525252524,0.002642963059537262
556,557,8,<pyews.server_abstractions.Configuration object at 0x000002A623138160>,41,29,0,1,0.0037979104090481997,1.2460534435376758e-06,,,0.1452873563218391,0.002642963059537262
557,558,8,<pyews.server_abstractions.Configuration object at 0x000002A623138160>,41,31,0,1,0.004436484072357416,5.703968781745061e-05,,,0.29043010752688175,0.002642963059537262
558,559,8,<pyews.server_abstractions.Configuration object at 0x000002A623138160>,41,35,0,1,0.016165439039468765,7.871694106142968e-05,,,0.28057142857142864,0.002642963059537262
559,560,8,<pyews.server_abstractions.Configuration object at 0x000002A623138160>,41,35,0,1,0.020737726241350174,1.5045014151837677e-05,,,0.28790476190476183,0.002642963059537262
560,561,8,<pyews.server_abstractions.Configuration object at 0x000002A623138160>,41,32,0,1,0.014082076959311962,3.402288712095469e-05,,,0.2510416666666666,0.002642963059537262
561,562,8,<pyews.server_abstractions.Configuration object at 0x000002A623138160>,41,31,0,1,0.004411716945469379,7.896347960922867e-05,,,0.23516129032258065,0.002642963059537262
562,563,8,<pyews.server_abstractions.Configuration object at 0x000002A623138160>,41,39,0,1,0.004574895836412907,3.0144097763695754e-05,,,0.3552136752136752,0.002642963059537262
563,564,8,<pyews.server_abstractions.Configuration object at 0x000002A623138160>,41,33,0,1,0.013758610934019089,8.971308488980867e-06,,,0.25939393939393934,0.002642963059537262
564,565,8,<pyews.server_abstractions.Configuration object at 0x000002A623138160>,41,34,0,1,0.00795227661728859,8.864771371008828e-05,,,0.23627450980392156,0.002642963059537262
565,566,8,<pyews.server_abstractions.Configuration object at 0x000002A623138160>,41,36,0,1,0.01203500758856535,6.162156932987273e-05,,,0.29046296296296303,0.002642963059537262
566,567,8,<pyews.server_abstractions.Configuration object at 0x000002A623138160>,41,31,0,1,0.005778864957392216,3.330181243654806e-06,,,0.2321505376344086,0.002642963059537262
567,568,8,<pyews.server_abstractions.Configuration object at 0x000002A623138160>,41,31,0,1,0.0076660336926579475,5.190345109440386e-05,,,0.18731182795698925,0.002642963059537262
568,569,8,<pyews.server_abstractions.Configuration object at 0x000002A623138160>,41,37,0,1,0.01637320965528488,2.6965688448399305e-05,,,0.30405405405405406,0.002642963059537262
569,570,8,<pyews.server_abstractions.Configuration object at 0x000002A623138160>,41,32,0,1,0.010941454209387302,2.188813596148975e-06,,,0.2776041666666667,0.002642963059537262
570,571,8,<pyews.server_abstractions.Configuration object at 0x000002A623138160>,41,27,0,1,0.008359315805137157,3.0300099751912057e-05,,,0.1054320987654321,0.002642963059537262
571,572,8,<pyews.server_abstractions.Configuration object at 0x000002A623138160>,41,31,0,1,0.008508413098752499,6.547044176841155e-05,,,0.1478494623655914,0.002642963059537262
572,573,38,<pyews.server_abstractions.Configuration object at 0x000002A623126620>,39,29,1,0,0.004689079709351063,5.674522753906786e-07,,,0.239080459770115,0.3054506676452877
573,574,8,<pyews.server_abstractions.Configuration object at 0x000002A623138160>,41,35,0,1,0.002560968045145273,4.743785393657163e-05,,,0.3257142857142857,0.002642963059537262
574,575,8,<pyews.server_abstractions.Configuration object at 0x000002A623138160>,41,30,0,1,0.016799036413431168,6.895698606967926e-05,,,0.2564444444444445,0.002642963059537262
575,576,8,<pyews.server_abstractions.Configuration object at 0x000002A623138160>,41,29,0,1,0.01264037936925888,1.4815540453128051e-05,,,0.18551724137931033,0.002642963059537262
576,577,32,<pyews.server_abstractions.Configuration object at 0x000002A62310D660>,33,30,1,0,0.005750503856688738,3.815166564891115e-06,,,0.20055555555555554,0.26437782470823623
577,578,8,<pyews.server_abstractions.Configuration object at 0x000002A623138160>,41,30,0,1,0.002473481697961688,3.047430800506845e-05,,,0.23277777777777778,0.002642963059537262
578,579,8,<pyews.server_abstractions.Configuration object at 0x000002A623138160>,41,37,0,1,0.0012020673602819443,2.7163867343915626e-05,,,0.30540540540540545,0.002642963059537262
579,580,8,<pyews.server_abstractions.Configuration object at 0x000002A623138160>,41,37,0,1,0.002914760960265994,5.732409817937878e-07,,,0.30297297297297293,0.002642963059537262
580,581,8,<pyews.server_abstractions.Configuration object at 0x000002A623138160>,41,33,0,1,0.00912388414144516,2.085989217448514e-05,,,0.25343434343434346,0.002642963059537262
581,582,8,<pyews.server_abstractions.Configuration object at 0x000002A623138160>,41,34,0,1,0.019020283594727516,2.2027215891284868e-05,,,0.30578431372549014,0.002642963059537262
582,583,8,<pyews.server_abstractions.Configuration object at 0x000002A623138160>,41,34,0,1,0.010367542505264282,1.4233923138817772e-05,,,0.2773529411764705,0.002642963059537262
583,584,8,<pyews.server_abstractions.Configuration object at 0x000002A623138160>,41,28,0,1,0.0022033234126865864,6.032853889337275e-06,,,0.1773809523809524,0.002642963059537262
584,585,8,<pyews.server_abstractions.Configuration object at 0x000002A623138160>,41,33,0,1,0.0007297388510778546,2.7927458177146036e-06,,,0.2703030303030304,0.002642963059537262
585,586,8,<pyews.server_abstractions.Configuration object at 0x000002A623138160>,41,34,0,1,0.007244698703289032,1.0288503290212248e-05,,,0.2254901960784314,0.002642963059537262
586,587,9,<pyews.server_abstractions.Configuration object at 0x000002A62310E320>,34,36,1,0,0.0040185218676924706,2.1079733414808288e-05,,,0.3012037037037037,0.17264681008681748
587,588,8,<pyews.server_abstractions.Configuration object at 0x000002A623138160>,41,29,0,1,0.02095920778810978,2.152106026187539e-05,,,0.23045977011494254,0.002642963059537262
588,589,8,<pyews.server_abstractions.Configuration object at 0x000002A623138160>,41,31,0,1,0.006815829314291477,8.468660780636128e-06,,,0.23193548387096777,0.002642963059537262
589,590,32,<pyews.server_abstractions.Configuration object at 0x000002A62310D660>,33,34,1,0,0.0026404568925499916,4.378216544864699e-06,,,0.27931372549019606,0.26437782470823623
590,591,8,<pyews.server_abstractions.Configuration object at 0x000002A623138160>,41,32,0,1,0.002389089670032263,9.114882573157956e-07,,,0.23520833333333332,0.002642963059537262
591,592,8,<pyews.server_abstractions.Configuration object at 0x000002A623138160>,41,30,0,1,0.007889737375080585,3.5840930650010705e-06,,,0.1875555555555556,0.002642963059537262
592,593,8,<pyews.server_abstractions.Configuration object at 0x000002A623138160>,41,30,0,1,0.010011482052505016,7.237164027174003e-06,,,0.18177777777777773,0.002642963059537262
593,594,8,<pyews.server_abstractions.Configuration object at 0x000002A623138160>,41,36,0,1,0.0036667753010988235,8.783916200627573e-06,,,0.28111111111111114,0.002642963059537262
594,595,8,<pyews.server_abstractions.Configuration object at 0x000002A623138160>,41,32,0,1,0.0029083150438964367,1.7544203728903085e-05,,,0.2464583333333333,0.002642963059537262
595,596,8,<pyews.server_abstractions.Configuration object at 0x000002A623138160>,41,32,0,1,0.010730487294495106,2.064532964141108e-05,,,0.2419791666666667,0.002642963059537262
596,597,8,<pyews.server_abstractions.Configuration object at 0x000002A623138160>,41,31,0,1,0.008382800966501236,3.054521221201867e-05,,,0.21989247311827956,0.002642963059537262
597,598,8,<pyews.server_abstractions.Configuration object at 0x000002A623138160>,41,31,0,1,0.002681697253137827,5.818779027322307e-05,,,0.24612903225806454,0.002642963059537262
598,599,8,<pyews.server_abstractions.Configuration object at 0x000002A623138160>,41,38,0,1,0.002080664038658142,8.168646309059113e-05,,,0.3300877192982457,0.002642963059537262
599,600,8,<pyews.server_abstractions.Configuration object at 0x000002A623138160>,41,31,0,1,0.0022253545466810465,5.925757432123646e-05,,,0.20397849462365594,0.002642963059537262
